{
    "total_count": "14",
    "count": "14",
    "page_number": "1",
    "page_total": "1",
    "limit": "100",
    "txs": [
        {
            "height": "198",
            "txhash": "D414722B1D51C087119C1CE5BBDAAA39BCB454FC9BD24F30897FC8361B6D3D10",
            "logs": [
                {
                    "msg_index": 0,
                    "success": true,
                    "log": "",
                    "events": [
                        {
                            "type": "message",
                            "attributes": [
                                {
                                    "key": "sender",
                                    "value": "terra1jyjg55hzsh0f4xymy0kuuan30pp4q75ru0h35c"
                                },
                                {
                                    "key": "module",
                                    "value": "governance"
                                },
                                {
                                    "key": "sender",
                                    "value": "terra1jyjg55hzsh0f4xymy0kuuan30pp4q75ru0h35c"
                                },
                                {
                                    "key": "action",
                                    "value": "deposit"
                                }
                            ]
                        },
                        {
                            "type": "proposal_deposit",
                            "attributes": [
                                {
                                    "key": "amount",
                                    "value": "1uluna"
                                },
                                {
                                    "key": "proposal_id",
                                    "value": "1"
                                }
                            ]
                        },
                        {
                            "type": "transfer",
                            "attributes": [
                                {
                                    "key": "recipient",
                                    "value": "terra10d07y265gmmuvt4z0w9aw880jnsr700juxf95n"
                                },
                                {
                                    "key": "amount",
                                    "value": "1uluna"
                                }
                            ]
                        }
                    ]
                }
            ],
            "gas_wanted": "55352",
            "gas_used": "42559",
            "tx": {
                "type": "core/StdTx",
                "value": {
                    "msg": [
                        {
                            "type": "gov/MsgDeposit",
                            "value": {
                                "proposal_id": "1",
                                "depositor": "terra1jyjg55hzsh0f4xymy0kuuan30pp4q75ru0h35c",
                                "amount": [
                                    {
                                        "denom": "uluna",
                                        "amount": "1"
                                    }
                                ]
                            }
                        }
                    ],
                    "fee": {
                        "amount": [
                            {
                                "denom": "uluna",
                                "amount": "0"
                            }
                        ],
                        "gas": "55352"
                    },
                    "signatures": [
                        {
                            "pub_key": {
                                "type": "tendermint/PubKeySecp256k1",
                                "value": "An/QGB4F5r/sCIEbVaYO1SuY/NHfWdyW5fhQmKNAEgGA"
                            },
                            "signature": "/e2LkcUFNcSTfVk7Gn/4J4Q4C2RUt54/dE4+heWKzGp+gA6gEquOoGLIAMpvUdJxA4DjO9l710OSCgkkcAmtbg=="
                        }
                    ],
                    "memo": "Syncnode's iOS Wallet"
                }
            },
            "timestamp": "2019-12-13T17:19:41Z",
            "events": [
                {
                    "type": "message",
                    "attributes": [
                        {
                            "key": "sender",
                            "value": "terra1jyjg55hzsh0f4xymy0kuuan30pp4q75ru0h35c"
                        },
                        {
                            "key": "module",
                            "value": "governance"
                        },
                        {
                            "key": "sender",
                            "value": "terra1jyjg55hzsh0f4xymy0kuuan30pp4q75ru0h35c"
                        },
                        {
                            "key": "action",
                            "value": "deposit"
                        }
                    ]
                },
                {
                    "type": "proposal_deposit",
                    "attributes": [
                        {
                            "key": "amount",
                            "value": "1uluna"
                        },
                        {
                            "key": "proposal_id",
                            "value": "1"
                        }
                    ]
                },
                {
                    "type": "transfer",
                    "attributes": [
                        {
                            "key": "recipient",
                            "value": "terra10d07y265gmmuvt4z0w9aw880jnsr700juxf95n"
                        },
                        {
                            "key": "amount",
                            "value": "1uluna"
                        }
                    ]
                }
            ]
        },
        {
            "height": "978",
            "txhash": "24495D2E4B4193DEF45C5246C6D90CEE4519F09C9E7FD87720AF94E7ACAD0226",
            "logs": [
                {
                    "msg_index": 0,
                    "success": true,
                    "log": "",
                    "events": [
                        {
                            "type": "message",
                            "attributes": [
                                {
                                    "key": "sender",
                                    "value": "terra1wm25ux06a8l5dtkkvwm0f4u2tpryg8zqr6h82l"
                                },
                                {
                                    "key": "module",
                                    "value": "governance"
                                },
                                {
                                    "key": "sender",
                                    "value": "terra1wm25ux06a8l5dtkkvwm0f4u2tpryg8zqr6h82l"
                                },
                                {
                                    "key": "action",
                                    "value": "deposit"
                                }
                            ]
                        },
                        {
                            "type": "proposal_deposit",
                            "attributes": [
                                {
                                    "key": "amount",
                                    "value": "1uluna"
                                },
                                {
                                    "key": "proposal_id",
                                    "value": "1"
                                }
                            ]
                        },
                        {
                            "type": "transfer",
                            "attributes": [
                                {
                                    "key": "recipient",
                                    "value": "terra10d07y265gmmuvt4z0w9aw880jnsr700juxf95n"
                                },
                                {
                                    "key": "amount",
                                    "value": "1uluna"
                                }
                            ]
                        }
                    ]
                }
            ],
            "gas_wanted": "87200",
            "gas_used": "57467",
            "tx": {
                "type": "core/StdTx",
                "value": {
                    "msg": [
                        {
                            "type": "gov/MsgDeposit",
                            "value": {
                                "proposal_id": "1",
                                "depositor": "terra1wm25ux06a8l5dtkkvwm0f4u2tpryg8zqr6h82l",
                                "amount": [
                                    {
                                        "denom": "uluna",
                                        "amount": "1"
                                    }
                                ]
                            }
                        }
                    ],
                    "fee": {
                        "amount": [
                            {
                                "denom": "ukrw",
                                "amount": "1308"
                            }
                        ],
                        "gas": "87200"
                    },
                    "signatures": [
                        {
                            "pub_key": {
                                "type": "tendermint/PubKeySecp256k1",
                                "value": "AgfYBjlvfQtwveh1VkpLc2Es0sw/KqkYo56g7EGGzQcB"
                            },
                            "signature": "NqHAA4etbibV596KPKvu2ylaZaJHf0RuJtt/3I8WURUoBfKyPRartMgNCckO0MFciWVmM6k0BIqBjXTbXoyMVA=="
                        }
                    ],
                    "memo": ""
                }
            },
            "timestamp": "2019-12-13T18:47:54Z",
            "events": [
                {
                    "type": "message",
                    "attributes": [
                        {
                            "key": "sender",
                            "value": "terra1wm25ux06a8l5dtkkvwm0f4u2tpryg8zqr6h82l"
                        },
                        {
                            "key": "module",
                            "value": "governance"
                        },
                        {
                            "key": "sender",
                            "value": "terra1wm25ux06a8l5dtkkvwm0f4u2tpryg8zqr6h82l"
                        },
                        {
                            "key": "action",
                            "value": "deposit"
                        }
                    ]
                },
                {
                    "type": "proposal_deposit",
                    "attributes": [
                        {
                            "key": "amount",
                            "value": "1uluna"
                        },
                        {
                            "key": "proposal_id",
                            "value": "1"
                        }
                    ]
                },
                {
                    "type": "transfer",
                    "attributes": [
                        {
                            "key": "recipient",
                            "value": "terra10d07y265gmmuvt4z0w9aw880jnsr700juxf95n"
                        },
                        {
                            "key": "amount",
                            "value": "1uluna"
                        }
                    ]
                }
            ]
        },
        {
            "height": "5059",
            "txhash": "0D9A9E3316FE6A6ABE92B3EA8D85CF15F39DC7926AC3A3BD48DDD979A054E12F",
            "logs": [
                {
                    "msg_index": 0,
                    "success": true,
                    "log": "",
                    "events": [
                        {
                            "type": "message",
                            "attributes": [
                                {
                                    "key": "sender",
                                    "value": "terra1yazda3hv6hk7y53m4nj5e9eqpnrmavcrktcs73"
                                },
                                {
                                    "key": "module",
                                    "value": "governance"
                                },
                                {
                                    "key": "sender",
                                    "value": "terra1yazda3hv6hk7y53m4nj5e9eqpnrmavcrktcs73"
                                },
                                {
                                    "key": "action",
                                    "value": "deposit"
                                }
                            ]
                        },
                        {
                            "type": "proposal_deposit",
                            "attributes": [
                                {
                                    "key": "amount",
                                    "value": "1uluna"
                                },
                                {
                                    "key": "proposal_id",
                                    "value": "1"
                                }
                            ]
                        },
                        {
                            "type": "transfer",
                            "attributes": [
                                {
                                    "key": "recipient",
                                    "value": "terra10d07y265gmmuvt4z0w9aw880jnsr700juxf95n"
                                },
                                {
                                    "key": "amount",
                                    "value": "1uluna"
                                }
                            ]
                        }
                    ]
                }
            ],
            "gas_wanted": "87333",
            "gas_used": "57539",
            "tx": {
                "type": "core/StdTx",
                "value": {
                    "msg": [
                        {
                            "type": "gov/MsgDeposit",
                            "value": {
                                "proposal_id": "1",
                                "depositor": "terra1yazda3hv6hk7y53m4nj5e9eqpnrmavcrktcs73",
                                "amount": [
                                    {
                                        "denom": "uluna",
                                        "amount": "1"
                                    }
                                ]
                            }
                        }
                    ],
                    "fee": {
                        "amount": [
                            {
                                "denom": "ukrw",
                                "amount": "1310"
                            }
                        ],
                        "gas": "87333"
                    },
                    "signatures": [
                        {
                            "pub_key": {
                                "type": "tendermint/PubKeySecp256k1",
                                "value": "A30Cq4pAsDWhdfezKg6RVEXiZpPvO085v4wNob/exla0"
                            },
                            "signature": "lUF2RTWevtdigpgECox4UxlEzYNJv3oDeqZkGLNkSgdLVndDb27BY/5NAAAKbPFbv2fRQOpI+SA8HwEcrydKlQ=="
                        }
                    ],
                    "memo": ""
                }
            },
            "timestamp": "2019-12-14T02:16:33Z",
            "events": [
                {
                    "type": "message",
                    "attributes": [
                        {
                            "key": "sender",
                            "value": "terra1yazda3hv6hk7y53m4nj5e9eqpnrmavcrktcs73"
                        },
                        {
                            "key": "module",
                            "value": "governance"
                        },
                        {
                            "key": "sender",
                            "value": "terra1yazda3hv6hk7y53m4nj5e9eqpnrmavcrktcs73"
                        },
                        {
                            "key": "action",
                            "value": "deposit"
                        }
                    ]
                },
                {
                    "type": "proposal_deposit",
                    "attributes": [
                        {
                            "key": "amount",
                            "value": "1uluna"
                        },
                        {
                            "key": "proposal_id",
                            "value": "1"
                        }
                    ]
                },
                {
                    "type": "transfer",
                    "attributes": [
                        {
                            "key": "recipient",
                            "value": "terra10d07y265gmmuvt4z0w9aw880jnsr700juxf95n"
                        },
                        {
                            "key": "amount",
                            "value": "1uluna"
                        }
                    ]
                }
            ]
        },
        {
            "height": "37513",
            "txhash": "DB7FD7F02CA7C02D55A31C41110B944360F06A44E387DC7CAF2F0F5040B871E9",
            "logs": [
                {
                    "msg_index": 0,
                    "success": true,
                    "log": "",
                    "events": [
                        {
                            "type": "message",
                            "attributes": [
                                {
                                    "key": "sender",
                                    "value": "terra1jyjg55hzsh0f4xymy0kuuan30pp4q75ru0h35c"
                                },
                                {
                                    "key": "module",
                                    "value": "governance"
                                },
                                {
                                    "key": "sender",
                                    "value": "terra1jyjg55hzsh0f4xymy0kuuan30pp4q75ru0h35c"
                                },
                                {
                                    "key": "action",
                                    "value": "deposit"
                                }
                            ]
                        },
                        {
                            "type": "proposal_deposit",
                            "attributes": [
                                {
                                    "key": "amount",
                                    "value": "1uluna"
                                },
                                {
                                    "key": "proposal_id",
                                    "value": "1"
                                }
                            ]
                        },
                        {
                            "type": "transfer",
                            "attributes": [
                                {
                                    "key": "recipient",
                                    "value": "terra10d07y265gmmuvt4z0w9aw880jnsr700juxf95n"
                                },
                                {
                                    "key": "amount",
                                    "value": "1uluna"
                                }
                            ]
                        }
                    ]
                }
            ],
            "gas_wanted": "55519",
            "gas_used": "42687",
            "tx": {
                "type": "core/StdTx",
                "value": {
                    "msg": [
                        {
                            "type": "gov/MsgDeposit",
                            "value": {
                                "proposal_id": "1",
                                "depositor": "terra1jyjg55hzsh0f4xymy0kuuan30pp4q75ru0h35c",
                                "amount": [
                                    {
                                        "denom": "uluna",
                                        "amount": "1"
                                    }
                                ]
                            }
                        }
                    ],
                    "fee": {
                        "amount": [
                            {
                                "denom": "ukrw",
                                "amount": "0"
                            }
                        ],
                        "gas": "55519"
                    },
                    "signatures": [
                        {
                            "pub_key": {
                                "type": "tendermint/PubKeySecp256k1",
                                "value": "An/QGB4F5r/sCIEbVaYO1SuY/NHfWdyW5fhQmKNAEgGA"
                            },
                            "signature": "AP2T9vM+hXlS9Y6+vmYrgDP0L2qx5O7cvCHsTER8HdIRuB4MujjWFNARVoL9Qvwg7R1PLVVooQN1ZayEfm+DPw=="
                        }
                    ],
                    "memo": "Syncnode's iOS Wallet"
                }
            },
            "timestamp": "2019-12-16T13:44:08Z",
            "events": [
                {
                    "type": "message",
                    "attributes": [
                        {
                            "key": "sender",
                            "value": "terra1jyjg55hzsh0f4xymy0kuuan30pp4q75ru0h35c"
                        },
                        {
                            "key": "module",
                            "value": "governance"
                        },
                        {
                            "key": "sender",
                            "value": "terra1jyjg55hzsh0f4xymy0kuuan30pp4q75ru0h35c"
                        },
                        {
                            "key": "action",
                            "value": "deposit"
                        }
                    ]
                },
                {
                    "type": "proposal_deposit",
                    "attributes": [
                        {
                            "key": "amount",
                            "value": "1uluna"
                        },
                        {
                            "key": "proposal_id",
                            "value": "1"
                        }
                    ]
                },
                {
                    "type": "transfer",
                    "attributes": [
                        {
                            "key": "recipient",
                            "value": "terra10d07y265gmmuvt4z0w9aw880jnsr700juxf95n"
                        },
                        {
                            "key": "amount",
                            "value": "1uluna"
                        }
                    ]
                }
            ]
        },
        {
            "height": "85239",
            "txhash": "A686D04C61C44B7C7DF6E0D828FA6B3944A348AD0CC1C0A88FB5CD4E4B09F0E9",
            "logs": [
                {
                    "msg_index": 0,
                    "success": true,
                    "log": "",
                    "events": [
                        {
                            "type": "message",
                            "attributes": [
                                {
                                    "key": "sender",
                                    "value": "terra1wttj8sugczlusz3c7sg028e2h64dqfve6hpzgf"
                                },
                                {
                                    "key": "module",
                                    "value": "governance"
                                },
                                {
                                    "key": "sender",
                                    "value": "terra1wttj8sugczlusz3c7sg028e2h64dqfve6hpzgf"
                                },
                                {
                                    "key": "action",
                                    "value": "deposit"
                                }
                            ]
                        },
                        {
                            "type": "proposal_deposit",
                            "attributes": [
                                {
                                    "key": "amount",
                                    "value": "1uluna"
                                },
                                {
                                    "key": "proposal_id",
                                    "value": "1"
                                }
                            ]
                        },
                        {
                            "type": "transfer",
                            "attributes": [
                                {
                                    "key": "recipient",
                                    "value": "terra10d07y265gmmuvt4z0w9aw880jnsr700juxf95n"
                                },
                                {
                                    "key": "amount",
                                    "value": "1uluna"
                                }
                            ]
                        }
                    ]
                }
            ],
            "gas_wanted": "73191",
            "gas_used": "56281",
            "tx": {
                "type": "core/StdTx",
                "value": {
                    "msg": [
                        {
                            "type": "gov/MsgDeposit",
                            "value": {
                                "proposal_id": "1",
                                "depositor": "terra1wttj8sugczlusz3c7sg028e2h64dqfve6hpzgf",
                                "amount": [
                                    {
                                        "denom": "uluna",
                                        "amount": "1"
                                    }
                                ]
                            }
                        }
                    ],
                    "fee": {
                        "amount": [
                            {
                                "denom": "ukrw",
                                "amount": "3000"
                            }
                        ],
                        "gas": "73191"
                    },
                    "signatures": [
                        {
                            "pub_key": {
                                "type": "tendermint/PubKeySecp256k1",
                                "value": "AuVBUPgKvSkVxNlfBjhY7BBClasvsWDHKbR37DWwLmbq"
                            },
                            "signature": "LTaP7nVVWQbU9QbmKoNMfC9s7css4WAyia+Rs5k+1f8CwIP7s9dEx4ubXjkvtCt0TofM9n/xtsxcjXOL9fDtNQ=="
                        }
                    ],
                    "memo": "Syncnode's iOS Wallet"
                }
            },
            "timestamp": "2019-12-20T03:48:00Z",
            "events": [
                {
                    "type": "message",
                    "attributes": [
                        {
                            "key": "sender",
                            "value": "terra1wttj8sugczlusz3c7sg028e2h64dqfve6hpzgf"
                        },
                        {
                            "key": "module",
                            "value": "governance"
                        },
                        {
                            "key": "sender",
                            "value": "terra1wttj8sugczlusz3c7sg028e2h64dqfve6hpzgf"
                        },
                        {
                            "key": "action",
                            "value": "deposit"
                        }
                    ]
                },
                {
                    "type": "proposal_deposit",
                    "attributes": [
                        {
                            "key": "amount",
                            "value": "1uluna"
                        },
                        {
                            "key": "proposal_id",
                            "value": "1"
                        }
                    ]
                },
                {
                    "type": "transfer",
                    "attributes": [
                        {
                            "key": "recipient",
                            "value": "terra10d07y265gmmuvt4z0w9aw880jnsr700juxf95n"
                        },
                        {
                            "key": "amount",
                            "value": "1uluna"
                        }
                    ]
                }
            ]
        },
        {
            "height": "124684",
            "txhash": "71613C04A7490A7AD3D1F049698C420BCE409D7BDA76CA1C8ADE048A4EB5D184",
            "logs": [
                {
                    "msg_index": 0,
                    "success": true,
                    "log": "",
                    "events": [
                        {
                            "type": "message",
                            "attributes": [
                                {
                                    "key": "sender",
                                    "value": "terra1vxawyk2ewxysxldu0x3p8xw7974p97uvftqccv"
                                },
                                {
                                    "key": "module",
                                    "value": "governance"
                                },
                                {
                                    "key": "sender",
                                    "value": "terra1vxawyk2ewxysxldu0x3p8xw7974p97uvftqccv"
                                },
                                {
                                    "key": "action",
                                    "value": "deposit"
                                }
                            ]
                        },
                        {
                            "type": "proposal_deposit",
                            "attributes": [
                                {
                                    "key": "amount",
                                    "value": "1000000uluna"
                                },
                                {
                                    "key": "proposal_id",
                                    "value": "1"
                                }
                            ]
                        },
                        {
                            "type": "transfer",
                            "attributes": [
                                {
                                    "key": "recipient",
                                    "value": "terra10d07y265gmmuvt4z0w9aw880jnsr700juxf95n"
                                },
                                {
                                    "key": "amount",
                                    "value": "1000000uluna"
                                }
                            ]
                        }
                    ]
                }
            ],
            "gas_wanted": "82000",
            "gas_used": "53985",
            "tx": {
                "type": "core/StdTx",
                "value": {
                    "msg": [
                        {
                            "type": "gov/MsgDeposit",
                            "value": {
                                "proposal_id": "1",
                                "depositor": "terra1vxawyk2ewxysxldu0x3p8xw7974p97uvftqccv",
                                "amount": [
                                    {
                                        "denom": "uluna",
                                        "amount": "1000000"
                                    }
                                ]
                            }
                        }
                    ],
                    "fee": {
                        "amount": [
                            {
                                "denom": "uluna",
                                "amount": "1230"
                            }
                        ],
                        "gas": "82000"
                    },
                    "signatures": [
                        {
                            "pub_key": {
                                "type": "tendermint/PubKeySecp256k1",
                                "value": "Am3lehYh9tY92eS5lg98gBkfSwO0GUxQgXGE3KBcm+DT"
                            },
                            "signature": "4l8x0ia9VpbmkQUEMR+5oa14wZxeZdT274OURnzmoeMw+EpADnGeDmrghUk02JBasbsGRaeUI8vZUn54tSSXcQ=="
                        }
                    ],
                    "memo": ""
                }
            },
            "timestamp": "2019-12-23T03:06:55Z",
            "events": [
                {
                    "type": "message",
                    "attributes": [
                        {
                            "key": "sender",
                            "value": "terra1vxawyk2ewxysxldu0x3p8xw7974p97uvftqccv"
                        },
                        {
                            "key": "module",
                            "value": "governance"
                        },
                        {
                            "key": "sender",
                            "value": "terra1vxawyk2ewxysxldu0x3p8xw7974p97uvftqccv"
                        },
                        {
                            "key": "action",
                            "value": "deposit"
                        }
                    ]
                },
                {
                    "type": "proposal_deposit",
                    "attributes": [
                        {
                            "key": "amount",
                            "value": "1000000uluna"
                        },
                        {
                            "key": "proposal_id",
                            "value": "1"
                        }
                    ]
                },
                {
                    "type": "transfer",
                    "attributes": [
                        {
                            "key": "recipient",
                            "value": "terra10d07y265gmmuvt4z0w9aw880jnsr700juxf95n"
                        },
                        {
                            "key": "amount",
                            "value": "1000000uluna"
                        }
                    ]
                }
            ]
        },
        {
            "height": "182324",
            "txhash": "96E89A89465CDAFBA11612F7C8AB785CD17FB2AEA575ACB51A0B04F210388248",
            "logs": [
                {
                    "msg_index": 0,
                    "success": true,
                    "log": "",
                    "events": [
                        {
                            "type": "message",
                            "attributes": [
                                {
                                    "key": "sender",
                                    "value": "terra1jyjg55hzsh0f4xymy0kuuan30pp4q75ru0h35c"
                                },
                                {
                                    "key": "module",
                                    "value": "governance"
                                },
                                {
                                    "key": "sender",
                                    "value": "terra1jyjg55hzsh0f4xymy0kuuan30pp4q75ru0h35c"
                                },
                                {
                                    "key": "action",
                                    "value": "deposit"
                                }
                            ]
                        },
                        {
                            "type": "proposal_deposit",
                            "attributes": [
                                {
                                    "key": "amount",
                                    "value": "1uluna"
                                },
                                {
                                    "key": "proposal_id",
                                    "value": "1"
                                }
                            ]
                        },
                        {
                            "type": "transfer",
                            "attributes": [
                                {
                                    "key": "recipient",
                                    "value": "terra10d07y265gmmuvt4z0w9aw880jnsr700juxf95n"
                                },
                                {
                                    "key": "amount",
                                    "value": "1uluna"
                                }
                            ]
                        }
                    ]
                }
            ],
            "gas_wanted": "56145",
            "gas_used": "43169",
            "tx": {
                "type": "core/StdTx",
                "value": {
                    "msg": [
                        {
                            "type": "gov/MsgDeposit",
                            "value": {
                                "proposal_id": "1",
                                "depositor": "terra1jyjg55hzsh0f4xymy0kuuan30pp4q75ru0h35c",
                                "amount": [
                                    {
                                        "denom": "uluna",
                                        "amount": "1"
                                    }
                                ]
                            }
                        }
                    ],
                    "fee": {
                        "amount": [
                            {
                                "denom": "ukrw",
                                "amount": "0"
                            }
                        ],
                        "gas": "56145"
                    },
                    "signatures": [
                        {
                            "pub_key": {
                                "type": "tendermint/PubKeySecp256k1",
                                "value": "An/QGB4F5r/sCIEbVaYO1SuY/NHfWdyW5fhQmKNAEgGA"
                            },
                            "signature": "vLRfeMP6ybgkEqYNp6mik9ol96I5wxTIyjVftHcFkYBXu2iCHyC/BPTFkbIkPSaR3+2roTardxEw5xoxPPe0Xw=="
                        }
                    ],
                    "memo": "Syncnode's iOS Wallet 🙀"
                }
            },
            "timestamp": "2019-12-27T11:39:32Z",
            "events": [
                {
                    "type": "message",
                    "attributes": [
                        {
                            "key": "sender",
                            "value": "terra1jyjg55hzsh0f4xymy0kuuan30pp4q75ru0h35c"
                        },
                        {
                            "key": "module",
                            "value": "governance"
                        },
                        {
                            "key": "sender",
                            "value": "terra1jyjg55hzsh0f4xymy0kuuan30pp4q75ru0h35c"
                        },
                        {
                            "key": "action",
                            "value": "deposit"
                        }
                    ]
                },
                {
                    "type": "proposal_deposit",
                    "attributes": [
                        {
                            "key": "amount",
                            "value": "1uluna"
                        },
                        {
                            "key": "proposal_id",
                            "value": "1"
                        }
                    ]
                },
                {
                    "type": "transfer",
                    "attributes": [
                        {
                            "key": "recipient",
                            "value": "terra10d07y265gmmuvt4z0w9aw880jnsr700juxf95n"
                        },
                        {
                            "key": "amount",
                            "value": "1uluna"
                        }
                    ]
                }
            ]
        },
        {
            "height": "184711",
            "txhash": "8FBD62798D8EBE0F8D30AC0F40A7EB2B2720A614EAF1846CA960D135FAF30FAA",
            "logs": [
                {
                    "msg_index": 0,
                    "success": true,
                    "log": "",
                    "events": [
                        {
                            "type": "message",
                            "attributes": [
                                {
                                    "key": "sender",
                                    "value": "terra1jyjg55hzsh0f4xymy0kuuan30pp4q75ru0h35c"
                                },
                                {
                                    "key": "module",
                                    "value": "governance"
                                },
                                {
                                    "key": "sender",
                                    "value": "terra1jyjg55hzsh0f4xymy0kuuan30pp4q75ru0h35c"
                                },
                                {
                                    "key": "action",
                                    "value": "deposit"
                                }
                            ]
                        },
                        {
                            "type": "proposal_deposit",
                            "attributes": [
                                {
                                    "key": "amount",
                                    "value": "1uluna"
                                },
                                {
                                    "key": "proposal_id",
                                    "value": "1"
                                }
                            ]
                        },
                        {
                            "type": "transfer",
                            "attributes": [
                                {
                                    "key": "recipient",
                                    "value": "terra10d07y265gmmuvt4z0w9aw880jnsr700juxf95n"
                                },
                                {
                                    "key": "amount",
                                    "value": "1uluna"
                                }
                            ]
                        }
                    ]
                }
            ],
            "gas_wanted": "56145",
            "gas_used": "43169",
            "tx": {
                "type": "core/StdTx",
                "value": {
                    "msg": [
                        {
                            "type": "gov/MsgDeposit",
                            "value": {
                                "proposal_id": "1",
                                "depositor": "terra1jyjg55hzsh0f4xymy0kuuan30pp4q75ru0h35c",
                                "amount": [
                                    {
                                        "denom": "uluna",
                                        "amount": "1"
                                    }
                                ]
                            }
                        }
                    ],
                    "fee": {
                        "amount": [
                            {
                                "denom": "ukrw",
                                "amount": "0"
                            }
                        ],
                        "gas": "56145"
                    },
                    "signatures": [
                        {
                            "pub_key": {
                                "type": "tendermint/PubKeySecp256k1",
                                "value": "An/QGB4F5r/sCIEbVaYO1SuY/NHfWdyW5fhQmKNAEgGA"
                            },
                            "signature": "LpaIBhSjEMFRuWFKljqSQoQHAzMjhBEKmdiUWVJvxtlCreFWOgPV+94BLrH3g19b0BzNqwph+35BEYv9nHg9Yw=="
                        }
                    ],
                    "memo": "Syncnode's iOS Wallet 🙀"
                }
            },
            "timestamp": "2019-12-27T15:58:38Z",
            "events": [
                {
                    "type": "message",
                    "attributes": [
                        {
                            "key": "sender",
                            "value": "terra1jyjg55hzsh0f4xymy0kuuan30pp4q75ru0h35c"
                        },
                        {
                            "key": "module",
                            "value": "governance"
                        },
                        {
                            "key": "sender",
                            "value": "terra1jyjg55hzsh0f4xymy0kuuan30pp4q75ru0h35c"
                        },
                        {
                            "key": "action",
                            "value": "deposit"
                        }
                    ]
                },
                {
                    "type": "proposal_deposit",
                    "attributes": [
                        {
                            "key": "amount",
                            "value": "1uluna"
                        },
                        {
                            "key": "proposal_id",
                            "value": "1"
                        }
                    ]
                },
                {
                    "type": "transfer",
                    "attributes": [
                        {
                            "key": "recipient",
                            "value": "terra10d07y265gmmuvt4z0w9aw880jnsr700juxf95n"
                        },
                        {
                            "key": "amount",
                            "value": "1uluna"
                        }
                    ]
                }
            ]
        },
        {
            "height": "339178",
            "txhash": "6CB25CADBEE2EC4FE74CFD5B9309453ACD5B611762D9E1EBBA99A4E2582BC4C1",
            "logs": [
                {
                    "msg_index": 0,
                    "success": true,
                    "log": "",
                    "events": [
                        {
                            "type": "message",
                            "attributes": [
                                {
                                    "key": "sender",
                                    "value": "terra1wm25ux06a8l5dtkkvwm0f4u2tpryg8zqr6h82l"
                                },
                                {
                                    "key": "module",
                                    "value": "governance"
                                },
                                {
                                    "key": "sender",
                                    "value": "terra1wm25ux06a8l5dtkkvwm0f4u2tpryg8zqr6h82l"
                                },
                                {
                                    "key": "action",
                                    "value": "deposit"
                                }
                            ]
                        },
                        {
                            "type": "proposal_deposit",
                            "attributes": [
                                {
                                    "key": "amount",
                                    "value": "19999990uluna"
                                },
                                {
                                    "key": "proposal_id",
                                    "value": "2"
                                }
                            ]
                        },
                        {
                            "type": "transfer",
                            "attributes": [
                                {
                                    "key": "recipient",
                                    "value": "terra10d07y265gmmuvt4z0w9aw880jnsr700juxf95n"
                                },
                                {
                                    "key": "amount",
                                    "value": "19999990uluna"
                                }
                            ]
                        }
                    ]
                }
            ],
            "gas_wanted": "144466",
            "gas_used": "95751",
            "tx": {
                "type": "core/StdTx",
                "value": {
                    "msg": [
                        {
                            "type": "gov/MsgDeposit",
                            "value": {
                                "proposal_id": "2",
                                "depositor": "terra1wm25ux06a8l5dtkkvwm0f4u2tpryg8zqr6h82l",
                                "amount": [
                                    {
                                        "denom": "uluna",
                                        "amount": "19999990"
                                    }
                                ]
                            }
                        }
                    ],
                    "fee": {
                        "amount": [
                            {
                                "denom": "ukrw",
                                "amount": "2167"
                            }
                        ],
                        "gas": "144466"
                    },
                    "signatures": [
                        {
                            "pub_key": {
                                "type": "tendermint/PubKeySecp256k1",
                                "value": "AgfYBjlvfQtwveh1VkpLc2Es0sw/KqkYo56g7EGGzQcB"
                            },
                            "signature": "F0eKj1DHN7VAC8tCnjKxlvfjfNh2YBG4qBu7dRu69JYUqxc6YBuftwygvJEuhsLtCLtPYVDhwwddqt/4Y8t/XA=="
                        }
                    ],
                    "memo": ""
                }
            },
            "timestamp": "2020-01-08T08:39:52Z",
            "events": [
                {
                    "type": "message",
                    "attributes": [
                        {
                            "key": "sender",
                            "value": "terra1wm25ux06a8l5dtkkvwm0f4u2tpryg8zqr6h82l"
                        },
                        {
                            "key": "module",
                            "value": "governance"
                        },
                        {
                            "key": "sender",
                            "value": "terra1wm25ux06a8l5dtkkvwm0f4u2tpryg8zqr6h82l"
                        },
                        {
                            "key": "action",
                            "value": "deposit"
                        }
                    ]
                },
                {
                    "type": "proposal_deposit",
                    "attributes": [
                        {
                            "key": "amount",
                            "value": "19999990uluna"
                        },
                        {
                            "key": "proposal_id",
                            "value": "2"
                        }
                    ]
                },
                {
                    "type": "transfer",
                    "attributes": [
                        {
                            "key": "recipient",
                            "value": "terra10d07y265gmmuvt4z0w9aw880jnsr700juxf95n"
                        },
                        {
                            "key": "amount",
                            "value": "19999990uluna"
                        }
                    ]
                }
            ]
        },
        {
            "height": "339415",
            "txhash": "53FFB6A151AE377CABFBDEF2B91B9C362397B568283525B943342DCD0B4AFC67",
            "logs": [
                {
                    "msg_index": 0,
                    "success": true,
                    "log": "",
                    "events": [
                        {
                            "type": "message",
                            "attributes": [
                                {
                                    "key": "sender",
                                    "value": "terra1wm25ux06a8l5dtkkvwm0f4u2tpryg8zqr6h82l"
                                },
                                {
                                    "key": "module",
                                    "value": "governance"
                                },
                                {
                                    "key": "sender",
                                    "value": "terra1wm25ux06a8l5dtkkvwm0f4u2tpryg8zqr6h82l"
                                },
                                {
                                    "key": "action",
                                    "value": "deposit"
                                }
                            ]
                        },
                        {
                            "type": "proposal_deposit",
                            "attributes": [
                                {
                                    "key": "amount",
                                    "value": "30000000uluna"
                                },
                                {
                                    "key": "proposal_id",
                                    "value": "2"
                                }
                            ]
                        },
                        {
                            "type": "transfer",
                            "attributes": [
                                {
                                    "key": "recipient",
                                    "value": "terra10d07y265gmmuvt4z0w9aw880jnsr700juxf95n"
                                },
                                {
                                    "key": "amount",
                                    "value": "30000000uluna"
                                }
                            ]
                        }
                    ]
                }
            ],
            "gas_wanted": "146600",
            "gas_used": "97371",
            "tx": {
                "type": "core/StdTx",
                "value": {
                    "msg": [
                        {
                            "type": "gov/MsgDeposit",
                            "value": {
                                "proposal_id": "2",
                                "depositor": "terra1wm25ux06a8l5dtkkvwm0f4u2tpryg8zqr6h82l",
                                "amount": [
                                    {
                                        "denom": "uluna",
                                        "amount": "30000000"
                                    }
                                ]
                            }
                        }
                    ],
                    "fee": {
                        "amount": [
                            {
                                "denom": "ukrw",
                                "amount": "2199"
                            }
                        ],
                        "gas": "146600"
                    },
                    "signatures": [
                        {
                            "pub_key": {
                                "type": "tendermint/PubKeySecp256k1",
                                "value": "AgfYBjlvfQtwveh1VkpLc2Es0sw/KqkYo56g7EGGzQcB"
                            },
                            "signature": "y0TAbtNXpyjJnbQEjMyJ37g4/tK139J4zH/U2W5pUIdKKX8Uh3INiSK+rneicBRazr1QND3ph+CLlmHB2p3o1w=="
                        }
                    ],
                    "memo": ""
                }
            },
            "timestamp": "2020-01-08T09:05:49Z",
            "events": [
                {
                    "type": "message",
                    "attributes": [
                        {
                            "key": "sender",
                            "value": "terra1wm25ux06a8l5dtkkvwm0f4u2tpryg8zqr6h82l"
                        },
                        {
                            "key": "module",
                            "value": "governance"
                        },
                        {
                            "key": "sender",
                            "value": "terra1wm25ux06a8l5dtkkvwm0f4u2tpryg8zqr6h82l"
                        },
                        {
                            "key": "action",
                            "value": "deposit"
                        }
                    ]
                },
                {
                    "type": "proposal_deposit",
                    "attributes": [
                        {
                            "key": "amount",
                            "value": "30000000uluna"
                        },
                        {
                            "key": "proposal_id",
                            "value": "2"
                        }
                    ]
                },
                {
                    "type": "transfer",
                    "attributes": [
                        {
                            "key": "recipient",
                            "value": "terra10d07y265gmmuvt4z0w9aw880jnsr700juxf95n"
                        },
                        {
                            "key": "amount",
                            "value": "30000000uluna"
                        }
                    ]
                }
            ]
        },
        {
            "height": "342897",
            "txhash": "71AF6133CF0EBCCF8C835CD5DFE21B9BD6D16A7C01FFD3921AD0A17B8A31ED39",
            "logs": [
                {
                    "msg_index": 0,
                    "success": true,
                    "log": "",
                    "events": [
                        {
                            "type": "message",
                            "attributes": [
                                {
                                    "key": "sender",
                                    "value": "terra1jyjg55hzsh0f4xymy0kuuan30pp4q75ru0h35c"
                                },
                                {
                                    "key": "module",
                                    "value": "governance"
                                },
                                {
                                    "key": "sender",
                                    "value": "terra1jyjg55hzsh0f4xymy0kuuan30pp4q75ru0h35c"
                                },
                                {
                                    "key": "action",
                                    "value": "deposit"
                                }
                            ]
                        },
                        {
                            "type": "proposal_deposit",
                            "attributes": [
                                {
                                    "key": "amount",
                                    "value": "1000000uluna"
                                },
                                {
                                    "key": "proposal_id",
                                    "value": "2"
                                }
                            ]
                        },
                        {
                            "type": "transfer",
                            "attributes": [
                                {
                                    "key": "recipient",
                                    "value": "terra10d07y265gmmuvt4z0w9aw880jnsr700juxf95n"
                                },
                                {
                                    "key": "amount",
                                    "value": "1000000uluna"
                                }
                            ]
                        }
                    ]
                }
            ],
            "gas_wanted": "128191",
            "gas_used": "98394",
            "tx": {
                "type": "core/StdTx",
                "value": {
                    "msg": [
                        {
                            "type": "gov/MsgDeposit",
                            "value": {
                                "proposal_id": "2",
                                "depositor": "terra1jyjg55hzsh0f4xymy0kuuan30pp4q75ru0h35c",
                                "amount": [
                                    {
                                        "denom": "uluna",
                                        "amount": "1000000"
                                    }
                                ]
                            }
                        }
                    ],
                    "fee": {
                        "amount": [
                            {
                                "denom": "ukrw",
                                "amount": "4000"
                            }
                        ],
                        "gas": "128191"
                    },
                    "signatures": [
                        {
                            "pub_key": {
                                "type": "tendermint/PubKeySecp256k1",
                                "value": "An/QGB4F5r/sCIEbVaYO1SuY/NHfWdyW5fhQmKNAEgGA"
                            },
                            "signature": "m1UnrxCvVUww1oJ27Uo9+1lwCma2K8hlf1Gi2LMXepJwHQ4uc6AWjJHLlxuEgaSCQ1lFqnl0FE003Zw6iMqW6w=="
                        }
                    ],
                    "memo": "Syncnode's iOS Wallet 🙀"
                }
            },
            "timestamp": "2020-01-08T15:27:50Z",
            "events": [
                {
                    "type": "message",
                    "attributes": [
                        {
                            "key": "sender",
                            "value": "terra1jyjg55hzsh0f4xymy0kuuan30pp4q75ru0h35c"
                        },
                        {
                            "key": "module",
                            "value": "governance"
                        },
                        {
                            "key": "sender",
                            "value": "terra1jyjg55hzsh0f4xymy0kuuan30pp4q75ru0h35c"
                        },
                        {
                            "key": "action",
                            "value": "deposit"
                        }
                    ]
                },
                {
                    "type": "proposal_deposit",
                    "attributes": [
                        {
                            "key": "amount",
                            "value": "1000000uluna"
                        },
                        {
                            "key": "proposal_id",
                            "value": "2"
                        }
                    ]
                },
                {
                    "type": "transfer",
                    "attributes": [
                        {
                            "key": "recipient",
                            "value": "terra10d07y265gmmuvt4z0w9aw880jnsr700juxf95n"
                        },
                        {
                            "key": "amount",
                            "value": "1000000uluna"
                        }
                    ]
                }
            ]
        },
        {
            "height": "351020",
            "txhash": "5A713083D785BE770CA01B5B8E7EAC263CBBD3B9975B9DC98F526CC9CD6C0064",
            "logs": [
                {
                    "msg_index": 0,
                    "success": true,
                    "log": "",
                    "events": [
                        {
                            "type": "message",
                            "attributes": [
                                {
                                    "key": "sender",
                                    "value": "terra1jyjg55hzsh0f4xymy0kuuan30pp4q75ru0h35c"
                                },
                                {
                                    "key": "module",
                                    "value": "governance"
                                },
                                {
                                    "key": "sender",
                                    "value": "terra1jyjg55hzsh0f4xymy0kuuan30pp4q75ru0h35c"
                                },
                                {
                                    "key": "action",
                                    "value": "deposit"
                                }
                            ]
                        },
                        {
                            "type": "proposal_deposit",
                            "attributes": [
                                {
                                    "key": "amount",
                                    "value": "1uluna"
                                },
                                {
                                    "key": "proposal_id",
                                    "value": "2"
                                }
                            ]
                        },
                        {
                            "type": "transfer",
                            "attributes": [
                                {
                                    "key": "recipient",
                                    "value": "terra10d07y265gmmuvt4z0w9aw880jnsr700juxf95n"
                                },
                                {
                                    "key": "amount",
                                    "value": "1uluna"
                                }
                            ]
                        }
                    ]
                }
            ],
            "gas_wanted": "128141",
            "gas_used": "98190",
            "tx": {
                "type": "core/StdTx",
                "value": {
                    "msg": [
                        {
                            "type": "gov/MsgDeposit",
                            "value": {
                                "proposal_id": "2",
                                "depositor": "terra1jyjg55hzsh0f4xymy0kuuan30pp4q75ru0h35c",
                                "amount": [
                                    {
                                        "denom": "uluna",
                                        "amount": "1"
                                    }
                                ]
                            }
                        }
                    ],
                    "fee": {
                        "amount": [
                            {
                                "denom": "ukrw",
                                "amount": "4000"
                            }
                        ],
                        "gas": "128141"
                    },
                    "signatures": [
                        {
                            "pub_key": {
                                "type": "tendermint/PubKeySecp256k1",
                                "value": "An/QGB4F5r/sCIEbVaYO1SuY/NHfWdyW5fhQmKNAEgGA"
                            },
                            "signature": "OhP5rHxO8Vxtr1KUxLDnryscLC6dLj2ztZy6Mf0nGjwYZs3s2xL6AYZJe4hj/N04x2mKsM64O/UzzKTg754VXA=="
                        }
                    ],
                    "memo": "Syncnode's iOS Wallet 🙀"
                }
            },
            "timestamp": "2020-01-09T06:16:11Z",
            "events": [
                {
                    "type": "message",
                    "attributes": [
                        {
                            "key": "sender",
                            "value": "terra1jyjg55hzsh0f4xymy0kuuan30pp4q75ru0h35c"
                        },
                        {
                            "key": "module",
                            "value": "governance"
                        },
                        {
                            "key": "sender",
                            "value": "terra1jyjg55hzsh0f4xymy0kuuan30pp4q75ru0h35c"
                        },
                        {
                            "key": "action",
                            "value": "deposit"
                        }
                    ]
                },
                {
                    "type": "proposal_deposit",
                    "attributes": [
                        {
                            "key": "amount",
                            "value": "1uluna"
                        },
                        {
                            "key": "proposal_id",
                            "value": "2"
                        }
                    ]
                },
                {
                    "type": "transfer",
                    "attributes": [
                        {
                            "key": "recipient",
                            "value": "terra10d07y265gmmuvt4z0w9aw880jnsr700juxf95n"
                        },
                        {
                            "key": "amount",
                            "value": "1uluna"
                        }
                    ]
                }
            ]
        },
        {
            "height": "373735",
            "txhash": "F26968321EF51AD7BF33DE19D23E61B5DA12D6E49435EB338B91DEC83940AF86",
            "logs": [
                {
                    "msg_index": 0,
                    "success": true,
                    "log": "",
                    "events": [
                        {
                            "type": "message",
                            "attributes": [
                                {
                                    "key": "sender",
                                    "value": "terra1tv2j73xnqxgcpmdfl7kvwj3tr05h0ytxw3fu0n"
                                },
                                {
                                    "key": "module",
                                    "value": "governance"
                                },
                                {
                                    "key": "sender",
                                    "value": "terra1tv2j73xnqxgcpmdfl7kvwj3tr05h0ytxw3fu0n"
                                },
                                {
                                    "key": "action",
                                    "value": "deposit"
                                }
                            ]
                        },
                        {
                            "type": "proposal_deposit",
                            "attributes": [
                                {
                                    "key": "amount",
                                    "value": "461000000uluna"
                                },
                                {
                                    "key": "proposal_id",
                                    "value": "2"
                                },
                                {
                                    "key": "voting_period_start",
                                    "value": "2"
                                }
                            ]
                        },
                        {
                            "type": "transfer",
                            "attributes": [
                                {
                                    "key": "recipient",
                                    "value": "terra10d07y265gmmuvt4z0w9aw880jnsr700juxf95n"
                                },
                                {
                                    "key": "amount",
                                    "value": "461000000uluna"
                                }
                            ]
                        }
                    ]
                }
            ],
            "gas_wanted": "214333",
            "gas_used": "142799",
            "tx": {
                "type": "core/StdTx",
                "value": {
                    "msg": [
                        {
                            "type": "gov/MsgDeposit",
                            "value": {
                                "proposal_id": "2",
                                "depositor": "terra1tv2j73xnqxgcpmdfl7kvwj3tr05h0ytxw3fu0n",
                                "amount": [
                                    {
                                        "denom": "uluna",
                                        "amount": "461000000"
                                    }
                                ]
                            }
                        }
                    ],
                    "fee": {
                        "amount": [
                            {
                                "denom": "uluna",
                                "amount": "3215"
                            }
                        ],
                        "gas": "214333"
                    },
                    "signatures": [
                        {
                            "pub_key": {
                                "type": "tendermint/PubKeySecp256k1",
                                "value": "A7SCnpoYpfY10LoTwUHBweQ8Q0nRUQrPw/mawKSvhLsV"
                            },
                            "signature": "S0H8omxZvr90nf75JeFGaq5wNZY//InbSYKqnQUGGPJjt2S9UJ4rzullwGL4TKBBLgJ1bJy3LUJygKDVV4zbyw=="
                        }
                    ],
                    "memo": ""
                }
            },
            "timestamp": "2020-01-10T23:46:08Z",
            "events": [
                {
                    "type": "message",
                    "attributes": [
                        {
                            "key": "sender",
                            "value": "terra1tv2j73xnqxgcpmdfl7kvwj3tr05h0ytxw3fu0n"
                        },
                        {
                            "key": "module",
                            "value": "governance"
                        },
                        {
                            "key": "sender",
                            "value": "terra1tv2j73xnqxgcpmdfl7kvwj3tr05h0ytxw3fu0n"
                        },
                        {
                            "key": "action",
                            "value": "deposit"
                        }
                    ]
                },
                {
                    "type": "proposal_deposit",
                    "attributes": [
                        {
                            "key": "amount",
                            "value": "461000000uluna"
                        },
                        {
                            "key": "proposal_id",
                            "value": "2"
                        },
                        {
                            "key": "voting_period_start",
                            "value": "2"
                        }
                    ]
                },
                {
                    "type": "transfer",
                    "attributes": [
                        {
                            "key": "recipient",
                            "value": "terra10d07y265gmmuvt4z0w9aw880jnsr700juxf95n"
                        },
                        {
                            "key": "amount",
                            "value": "461000000uluna"
                        }
                    ]
                }
            ]
        },
        {
            "height": "376674",
            "txhash": "7B6F415475C54DAFF2EDEF9A94D04708B25C400CBA84337992BA733C27088B7B",
            "logs": [
                {
                    "msg_index": 0,
                    "success": true,
                    "log": "",
                    "events": [
                        {
                            "type": "message",
                            "attributes": [
                                {
                                    "key": "sender",
                                    "value": "terra1nywja8qykzgcva579tyuarglyv9dc75y8cyw3f"
                                },
                                {
                                    "key": "module",
                                    "value": "governance"
                                },
                                {
                                    "key": "sender",
                                    "value": "terra1nywja8qykzgcva579tyuarglyv9dc75y8cyw3f"
                                },
                                {
                                    "key": "action",
                                    "value": "deposit"
                                }
                            ]
                        },
                        {
                            "type": "proposal_deposit",
                            "attributes": [
                                {
                                    "key": "amount",
                                    "value": "13000000uluna"
                                },
                                {
                                    "key": "proposal_id",
                                    "value": "3"
                                },
                                {
                                    "key": "voting_period_start",
                                    "value": "3"
                                }
                            ]
                        },
                        {
                            "type": "transfer",
                            "attributes": [
                                {
                                    "key": "recipient",
                                    "value": "terra10d07y265gmmuvt4z0w9aw880jnsr700juxf95n"
                                },
                                {
                                    "key": "amount",
                                    "value": "13000000uluna"
                                }
                            ]
                        }
                    ]
                }
            ],
            "gas_wanted": "169000",
            "gas_used": "111985",
            "tx": {
                "type": "core/StdTx",
                "value": {
                    "msg": [
                        {
                            "type": "gov/MsgDeposit",
                            "value": {
                                "proposal_id": "3",
                                "depositor": "terra1nywja8qykzgcva579tyuarglyv9dc75y8cyw3f",
                                "amount": [
                                    {
                                        "denom": "uluna",
                                        "amount": "13000000"
                                    }
                                ]
                            }
                        }
                    ],
                    "fee": {
                        "amount": [
                            {
                                "denom": "uluna",
                                "amount": "2535"
                            }
                        ],
                        "gas": "169000"
                    },
                    "signatures": [
                        {
                            "pub_key": {
                                "type": "tendermint/PubKeySecp256k1",
                                "value": "Al4E+xICUrTA/YTMCqGne8BFmpreF+Xh9YsLV8y19ejC"
                            },
                            "signature": "AOLefuLSRtirCEUlMSs5K5mMelLHyKSTou0orSlfeNULW0cf7ImHeVYNz8SLuytQnMF6ZJFEJffNt28M+VOfgA=="
                        }
                    ],
                    "memo": ""
                }
            },
            "timestamp": "2020-01-11T05:08:30Z",
            "events": [
                {
                    "type": "message",
                    "attributes": [
                        {
                            "key": "sender",
                            "value": "terra1nywja8qykzgcva579tyuarglyv9dc75y8cyw3f"
                        },
                        {
                            "key": "module",
                            "value": "governance"
                        },
                        {
                            "key": "sender",
                            "value": "terra1nywja8qykzgcva579tyuarglyv9dc75y8cyw3f"
                        },
                        {
                            "key": "action",
                            "value": "deposit"
                        }
                    ]
                },
                {
                    "type": "proposal_deposit",
                    "attributes": [
                        {
                            "key": "amount",
                            "value": "13000000uluna"
                        },
                        {
                            "key": "proposal_id",
                            "value": "3"
                        },
                        {
                            "key": "voting_period_start",
                            "value": "3"
                        }
                    ]
                },
                {
                    "type": "transfer",
                    "attributes": [
                        {
                            "key": "recipient",
                            "value": "terra10d07y265gmmuvt4z0w9aw880jnsr700juxf95n"
                        },
                        {
                            "key": "amount",
                            "value": "13000000uluna"
                        }
                    ]
                }
            ]
        }
    ]
}