{
  "total_count": "45",
  "count": "30",
  "page_number": "1",
  "page_total": "2",
  "limit": "30",
  "txs": [
    {
      "height": "4095670",
      "txhash": "8F04BBA465E1F70DAAE49C0E840858CCDC9541FCCCE0216555B02A061E99EF6B",
      "data": "0A240A222F636F736D6F732E736C617368696E672E763162657461312E4D7367556E6A61696C",
      "raw_log": "[{\"events\":[{\"type\":\"message\",\"attributes\":[{\"key\":\"action\",\"value\":\"/cosmos.slashing.v1beta1.MsgUnjail\"},{\"key\":\"module\",\"value\":\"slashing\"},{\"key\":\"sender\",\"value\":\"terravaloper1usws7c2c6cs7nuc8vma9qzaky5pkgvm2ujy8ny\"}]}]}]",
      "logs": [
        {
          "events": [
            {
              "type": "message",
              "attributes": [
                {
                  "key": "action",
                  "value": "/cosmos.slashing.v1beta1.MsgUnjail"
                },
                {
                  "key": "module",
                  "value": "slashing"
                },
                {
                  "key": "sender",
                  "value": "terravaloper1usws7c2c6cs7nuc8vma9qzaky5pkgvm2ujy8ny"
                }
              ]
            }
          ]
        }
      ],
      "gas_wanted": "200000",
      "gas_used": "70739",
      "tx": {
        "type": "core/StdTx",
        "value": {
          "msg": [
            {
              "type": "slashing/MsgUnjail",
              "value": {
                "address": "terravaloper1usws7c2c6cs7nuc8vma9qzaky5pkgvm2ujy8ny"
              }
            }
          ],
          "fee": {
            "amount": [
              {
                "denom": "uluna",
                "amount": "22360"
              }
            ],
            "gas": "200000"
          },
          "signatures": [],
          "memo": "",
          "timeout_height": "0"
        }
      },
      "timestamp": "2021-06-04T01:01:20Z"
    },
    {
      "height": "4095758",
      "txhash": "EEA1A877019ADF7B6FED9103247DD291DB0BE4AFA6FDAFC30D0609F758CCDDBC",
      "data": "0A240A222F636F736D6F732E736C617368696E672E763162657461312E4D7367556E6A61696C",
      "raw_log": "[{\"events\":[{\"type\":\"message\",\"attributes\":[{\"key\":\"action\",\"value\":\"/cosmos.slashing.v1beta1.MsgUnjail\"},{\"key\":\"module\",\"value\":\"slashing\"},{\"key\":\"sender\",\"value\":\"terravaloper1d3jscm77t4du8x0qczw6rkwemwwp4mlv98u9rk\"}]}]}]",
      "logs": [
        {
          "events": [
            {
              "type": "message",
              "attributes": [
                {
                  "key": "action",
                  "value": "/cosmos.slashing.v1beta1.MsgUnjail"
                },
                {
                  "key": "module",
                  "value": "slashing"
                },
                {
                  "key": "sender",
                  "value": "terravaloper1d3jscm77t4du8x0qczw6rkwemwwp4mlv98u9rk"
                }
              ]
            }
          ]
        }
      ],
      "gas_wanted": "200000",
      "gas_used": "74888",
      "tx": {
        "type": "core/StdTx",
        "value": {
          "msg": [
            {
              "type": "slashing/MsgUnjail",
              "value": {
                "address": "terravaloper1d3jscm77t4du8x0qczw6rkwemwwp4mlv98u9rk"
              }
            }
          ],
          "fee": {
            "amount": [
              {
                "denom": "uluna",
                "amount": "22360"
              }
            ],
            "gas": "200000"
          },
          "signatures": [],
          "memo": "",
          "timeout_height": "0"
        }
      },
      "timestamp": "2021-06-04T01:09:21Z"
    },
    {
      "height": "4097395",
      "txhash": "029290EFEE3689B1D04D8F45DF104413ED34B69C4E6DBA368C78E36ADF211632",
      "data": "0A240A222F636F736D6F732E736C617368696E672E763162657461312E4D7367556E6A61696C",
      "raw_log": "[{\"events\":[{\"type\":\"message\",\"attributes\":[{\"key\":\"action\",\"value\":\"/cosmos.slashing.v1beta1.MsgUnjail\"},{\"key\":\"module\",\"value\":\"slashing\"},{\"key\":\"sender\",\"value\":\"terravaloper1u40zfjrzvkqqxyksvwsrg9vp80p8a5zskumz3y\"}]}]}]",
      "logs": [
        {
          "events": [
            {
              "type": "message",
              "attributes": [
                {
                  "key": "action",
                  "value": "/cosmos.slashing.v1beta1.MsgUnjail"
                },
                {
                  "key": "module",
                  "value": "slashing"
                },
                {
                  "key": "sender",
                  "value": "terravaloper1u40zfjrzvkqqxyksvwsrg9vp80p8a5zskumz3y"
                }
              ]
            }
          ]
        }
      ],
      "gas_wanted": "200000",
      "gas_used": "72941",
      "tx": {
        "type": "core/StdTx",
        "value": {
          "msg": [
            {
              "type": "slashing/MsgUnjail",
              "value": {
                "address": "terravaloper1u40zfjrzvkqqxyksvwsrg9vp80p8a5zskumz3y"
              }
            }
          ],
          "fee": {
            "amount": [
              {
                "denom": "uluna",
                "amount": "30000"
              }
            ],
            "gas": "200000"
          },
          "signatures": [],
          "memo": "",
          "timeout_height": "0"
        }
      },
      "timestamp": "2021-06-04T03:37:39Z"
    },
    {
      "height": "4098212",
      "txhash": "C2410A83684E2B0D7B5D1EF85AEBA0FC382B06147F9C3EE81C2332F23473E2BF",
      "data": "0A240A222F636F736D6F732E736C617368696E672E763162657461312E4D7367556E6A61696C",
      "raw_log": "[{\"events\":[{\"type\":\"message\",\"attributes\":[{\"key\":\"action\",\"value\":\"/cosmos.slashing.v1beta1.MsgUnjail\"},{\"key\":\"module\",\"value\":\"slashing\"},{\"key\":\"sender\",\"value\":\"terravaloper12mcn4pj7d8yeff0xfedcthqe9gs3vwc2tn8sy2\"}]}]}]",
      "logs": [
        {
          "events": [
            {
              "type": "message",
              "attributes": [
                {
                  "key": "action",
                  "value": "/cosmos.slashing.v1beta1.MsgUnjail"
                },
                {
                  "key": "module",
                  "value": "slashing"
                },
                {
                  "key": "sender",
                  "value": "terravaloper12mcn4pj7d8yeff0xfedcthqe9gs3vwc2tn8sy2"
                }
              ]
            }
          ]
        }
      ],
      "gas_wanted": "200000",
      "gas_used": "73275",
      "tx": {
        "type": "core/StdTx",
        "value": {
          "msg": [
            {
              "type": "slashing/MsgUnjail",
              "value": {
                "address": "terravaloper12mcn4pj7d8yeff0xfedcthqe9gs3vwc2tn8sy2"
              }
            }
          ],
          "fee": {
            "amount": [
              {
                "denom": "uluna",
                "amount": "100000"
              }
            ],
            "gas": "200000"
          },
          "signatures": [],
          "memo": "",
          "timeout_height": "0"
        }
      },
      "timestamp": "2021-06-04T04:51:47Z"
    },
    {
      "height": "4098670",
      "txhash": "700ACD8448E409B0EB22943AC08771FE70CF953EB3CF124CC0328E4A7BFCCB33",
      "data": "0A240A222F636F736D6F732E736C617368696E672E763162657461312E4D7367556E6A61696C",
      "raw_log": "[{\"events\":[{\"type\":\"message\",\"attributes\":[{\"key\":\"action\",\"value\":\"/cosmos.slashing.v1beta1.MsgUnjail\"},{\"key\":\"module\",\"value\":\"slashing\"},{\"key\":\"sender\",\"value\":\"terravaloper12jpzzmwthrljcvm48adncspxtchazkl8vah7u4\"}]}]}]",
      "logs": [
        {
          "events": [
            {
              "type": "message",
              "attributes": [
                {
                  "key": "action",
                  "value": "/cosmos.slashing.v1beta1.MsgUnjail"
                },
                {
                  "key": "module",
                  "value": "slashing"
                },
                {
                  "key": "sender",
                  "value": "terravaloper12jpzzmwthrljcvm48adncspxtchazkl8vah7u4"
                }
              ]
            }
          ]
        }
      ],
      "gas_wanted": "200000",
      "gas_used": "71119",
      "tx": {
        "type": "core/StdTx",
        "value": {
          "msg": [
            {
              "type": "slashing/MsgUnjail",
              "value": {
                "address": "terravaloper12jpzzmwthrljcvm48adncspxtchazkl8vah7u4"
              }
            }
          ],
          "fee": {
            "amount": [
              {
                "denom": "uluna",
                "amount": "30000"
              }
            ],
            "gas": "200000"
          },
          "signatures": [],
          "memo": "",
          "timeout_height": "0"
        }
      },
      "timestamp": "2021-06-04T05:33:23Z"
    },
    {
      "height": "4098788",
      "txhash": "1F00430122A0D0113F6790CC31BE2C57CD6D4041B8F9EF33E6727337552AAB3D",
      "data": "0A240A222F636F736D6F732E736C617368696E672E763162657461312E4D7367556E6A61696C",
      "raw_log": "[{\"events\":[{\"type\":\"message\",\"attributes\":[{\"key\":\"action\",\"value\":\"/cosmos.slashing.v1beta1.MsgUnjail\"},{\"key\":\"module\",\"value\":\"slashing\"},{\"key\":\"sender\",\"value\":\"terravaloper13nyvljuj38s7h3w3w69xdrmmfzm7qwlfxk9emf\"}]}]}]",
      "logs": [
        {
          "events": [
            {
              "type": "message",
              "attributes": [
                {
                  "key": "action",
                  "value": "/cosmos.slashing.v1beta1.MsgUnjail"
                },
                {
                  "key": "module",
                  "value": "slashing"
                },
                {
                  "key": "sender",
                  "value": "terravaloper13nyvljuj38s7h3w3w69xdrmmfzm7qwlfxk9emf"
                }
              ]
            }
          ]
        }
      ],
      "gas_wanted": "200000",
      "gas_used": "70453",
      "tx": {
        "type": "core/StdTx",
        "value": {
          "msg": [
            {
              "type": "slashing/MsgUnjail",
              "value": {
                "address": "terravaloper13nyvljuj38s7h3w3w69xdrmmfzm7qwlfxk9emf"
              }
            }
          ],
          "fee": {
            "amount": [
              {
                "denom": "uluna",
                "amount": "3000"
              }
            ],
            "gas": "200000"
          },
          "signatures": [],
          "memo": "",
          "timeout_height": "0"
        }
      },
      "timestamp": "2021-06-04T05:44:06Z"
    },
    {
      "height": "4099421",
      "txhash": "C18A64340BF3B2D2DE15DC5662E3029FCD05F010511F630006FF0BA194053A03",
      "data": "0A240A222F636F736D6F732E736C617368696E672E763162657461312E4D7367556E6A61696C",
      "raw_log": "[{\"events\":[{\"type\":\"message\",\"attributes\":[{\"key\":\"action\",\"value\":\"/cosmos.slashing.v1beta1.MsgUnjail\"},{\"key\":\"module\",\"value\":\"slashing\"},{\"key\":\"sender\",\"value\":\"terravaloper1pr6pwyjqjxvx0axaqt56a4g3wukacg2jd8n00l\"}]}]}]",
      "logs": [
        {
          "events": [
            {
              "type": "message",
              "attributes": [
                {
                  "key": "action",
                  "value": "/cosmos.slashing.v1beta1.MsgUnjail"
                },
                {
                  "key": "module",
                  "value": "slashing"
                },
                {
                  "key": "sender",
                  "value": "terravaloper1pr6pwyjqjxvx0axaqt56a4g3wukacg2jd8n00l"
                }
              ]
            }
          ]
        }
      ],
      "gas_wanted": "200000",
      "gas_used": "74411",
      "tx": {
        "type": "core/StdTx",
        "value": {
          "msg": [
            {
              "type": "slashing/MsgUnjail",
              "value": {
                "address": "terravaloper1pr6pwyjqjxvx0axaqt56a4g3wukacg2jd8n00l"
              }
            }
          ],
          "fee": {
            "amount": [
              {
                "denom": "uluna",
                "amount": "30000"
              }
            ],
            "gas": "200000"
          },
          "signatures": [],
          "memo": "",
          "timeout_height": "0"
        }
      },
      "timestamp": "2021-06-04T06:41:35Z"
    },
    {
      "height": "4100705",
      "txhash": "424450226244D5AF2747FE7FC38B9A15AC20F3CA67D6261F52452DC260FBF87F",
      "data": "0A240A222F636F736D6F732E736C617368696E672E763162657461312E4D7367556E6A61696C",
      "raw_log": "[{\"events\":[{\"type\":\"message\",\"attributes\":[{\"key\":\"action\",\"value\":\"/cosmos.slashing.v1beta1.MsgUnjail\"},{\"key\":\"module\",\"value\":\"slashing\"},{\"key\":\"sender\",\"value\":\"terravaloper1d4cfnc637k94hphegd7qv2rcgl50tqzc27a3h5\"}]}]}]",
      "logs": [
        {
          "events": [
            {
              "type": "message",
              "attributes": [
                {
                  "key": "action",
                  "value": "/cosmos.slashing.v1beta1.MsgUnjail"
                },
                {
                  "key": "module",
                  "value": "slashing"
                },
                {
                  "key": "sender",
                  "value": "terravaloper1d4cfnc637k94hphegd7qv2rcgl50tqzc27a3h5"
                }
              ]
            }
          ]
        }
      ],
      "gas_wanted": "91903",
      "gas_used": "71054",
      "tx": {
        "type": "core/StdTx",
        "value": {
          "msg": [
            {
              "type": "slashing/MsgUnjail",
              "value": {
                "address": "terravaloper1d4cfnc637k94hphegd7qv2rcgl50tqzc27a3h5"
              }
            }
          ],
          "fee": {
            "amount": [
              {
                "denom": "uluna",
                "amount": "126366625"
              }
            ],
            "gas": "91903"
          },
          "signatures": [],
          "memo": "",
          "timeout_height": "0"
        }
      },
      "timestamp": "2021-06-04T08:38:20Z"
    },
    {
      "height": "4101027",
      "txhash": "9C03778D15A078D2A331565B0B8B91A5703DC66CDEF192C17C47FB5DD6B83667",
      "data": "0A240A222F636F736D6F732E736C617368696E672E763162657461312E4D7367556E6A61696C",
      "raw_log": "[{\"events\":[{\"type\":\"message\",\"attributes\":[{\"key\":\"action\",\"value\":\"/cosmos.slashing.v1beta1.MsgUnjail\"},{\"key\":\"module\",\"value\":\"slashing\"},{\"key\":\"sender\",\"value\":\"terravaloper1e4maqhd9uptu0hepx34xt6hje930m6k8j34q6f\"}]}]}]",
      "logs": [
        {
          "events": [
            {
              "type": "message",
              "attributes": [
                {
                  "key": "action",
                  "value": "/cosmos.slashing.v1beta1.MsgUnjail"
                },
                {
                  "key": "module",
                  "value": "slashing"
                },
                {
                  "key": "sender",
                  "value": "terravaloper1e4maqhd9uptu0hepx34xt6hje930m6k8j34q6f"
                }
              ]
            }
          ]
        }
      ],
      "gas_wanted": "200000",
      "gas_used": "70670",
      "tx": {
        "type": "core/StdTx",
        "value": {
          "msg": [
            {
              "type": "slashing/MsgUnjail",
              "value": {
                "address": "terravaloper1e4maqhd9uptu0hepx34xt6hje930m6k8j34q6f"
              }
            }
          ],
          "fee": {
            "amount": [
              {
                "denom": "uluna",
                "amount": "30000"
              }
            ],
            "gas": "200000"
          },
          "signatures": [],
          "memo": "",
          "timeout_height": "0"
        }
      },
      "timestamp": "2021-06-04T09:07:36Z"
    },
    {
      "height": "4101060",
      "txhash": "11F39134A1F42D32CD2FA0329F3DF0B118375BEAD1C389999C8A2ED507B95D39",
      "data": "0A240A222F636F736D6F732E736C617368696E672E763162657461312E4D7367556E6A61696C",
      "raw_log": "[{\"events\":[{\"type\":\"message\",\"attributes\":[{\"key\":\"action\",\"value\":\"/cosmos.slashing.v1beta1.MsgUnjail\"},{\"key\":\"module\",\"value\":\"slashing\"},{\"key\":\"sender\",\"value\":\"terravaloper18d4583vc6zex4tay9z59gj4llgsmnunxc5u606\"}]}]}]",
      "logs": [
        {
          "events": [
            {
              "type": "message",
              "attributes": [
                {
                  "key": "action",
                  "value": "/cosmos.slashing.v1beta1.MsgUnjail"
                },
                {
                  "key": "module",
                  "value": "slashing"
                },
                {
                  "key": "sender",
                  "value": "terravaloper18d4583vc6zex4tay9z59gj4llgsmnunxc5u606"
                }
              ]
            }
          ]
        }
      ],
      "gas_wanted": "200000",
      "gas_used": "70597",
      "tx": {
        "type": "core/StdTx",
        "value": {
          "msg": [
            {
              "type": "slashing/MsgUnjail",
              "value": {
                "address": "terravaloper18d4583vc6zex4tay9z59gj4llgsmnunxc5u606"
              }
            }
          ],
          "fee": {
            "amount": [
              {
                "denom": "uluna",
                "amount": "3000"
              }
            ],
            "gas": "200000"
          },
          "signatures": [],
          "memo": "",
          "timeout_height": "0"
        }
      },
      "timestamp": "2021-06-04T09:10:36Z"
    },
    {
      "height": "4101174",
      "txhash": "80454FC07782D4354BF7751A523F611607A13B3C5E54D5CFC87973983C10CFB9",
      "data": "0A240A222F636F736D6F732E736C617368696E672E763162657461312E4D7367556E6A61696C",
      "raw_log": "[{\"events\":[{\"type\":\"message\",\"attributes\":[{\"key\":\"action\",\"value\":\"/cosmos.slashing.v1beta1.MsgUnjail\"},{\"key\":\"module\",\"value\":\"slashing\"},{\"key\":\"sender\",\"value\":\"terravaloper1gk2jlzl2eh5w25kgz93ynqgrfrngrg6yxlpfjn\"}]}]}]",
      "logs": [
        {
          "events": [
            {
              "type": "message",
              "attributes": [
                {
                  "key": "action",
                  "value": "/cosmos.slashing.v1beta1.MsgUnjail"
                },
                {
                  "key": "module",
                  "value": "slashing"
                },
                {
                  "key": "sender",
                  "value": "terravaloper1gk2jlzl2eh5w25kgz93ynqgrfrngrg6yxlpfjn"
                }
              ]
            }
          ]
        }
      ],
      "gas_wanted": "200000",
      "gas_used": "70523",
      "tx": {
        "type": "core/StdTx",
        "value": {
          "msg": [
            {
              "type": "slashing/MsgUnjail",
              "value": {
                "address": "terravaloper1gk2jlzl2eh5w25kgz93ynqgrfrngrg6yxlpfjn"
              }
            }
          ],
          "fee": {
            "amount": [
              {
                "denom": "uluna",
                "amount": "30000"
              }
            ],
            "gas": "200000"
          },
          "signatures": [],
          "memo": "",
          "timeout_height": "0"
        }
      },
      "timestamp": "2021-06-04T09:21:00Z"
    },
    {
      "height": "4101520",
      "txhash": "4D7A84347F90C5F7648B4FF93084ACF7C90BD15891F3D336C140E4FCA0B7D026",
      "data": "0A240A222F636F736D6F732E736C617368696E672E763162657461312E4D7367556E6A61696C",
      "raw_log": "[{\"events\":[{\"type\":\"message\",\"attributes\":[{\"key\":\"action\",\"value\":\"/cosmos.slashing.v1beta1.MsgUnjail\"},{\"key\":\"module\",\"value\":\"slashing\"},{\"key\":\"sender\",\"value\":\"terravaloper199dxm2ydd5v5tl5ftqgughrurqz6z0nxa564r7\"}]}]}]",
      "logs": [
        {
          "events": [
            {
              "type": "message",
              "attributes": [
                {
                  "key": "action",
                  "value": "/cosmos.slashing.v1beta1.MsgUnjail"
                },
                {
                  "key": "module",
                  "value": "slashing"
                },
                {
                  "key": "sender",
                  "value": "terravaloper199dxm2ydd5v5tl5ftqgughrurqz6z0nxa564r7"
                }
              ]
            }
          ]
        }
      ],
      "gas_wanted": "200000",
      "gas_used": "75099",
      "tx": {
        "type": "core/StdTx",
        "value": {
          "msg": [
            {
              "type": "slashing/MsgUnjail",
              "value": {
                "address": "terravaloper199dxm2ydd5v5tl5ftqgughrurqz6z0nxa564r7"
              }
            }
          ],
          "fee": {
            "amount": [
              {
                "denom": "uluna",
                "amount": "100000"
              }
            ],
            "gas": "200000"
          },
          "signatures": [],
          "memo": "",
          "timeout_height": "0"
        }
      },
      "timestamp": "2021-06-04T09:52:33Z"
    },
    {
      "height": "4101597",
      "txhash": "BC62746DE48049D47B207EEFDFE9D57C5426E9A0947293ACA5D17274379A7FA4",
      "data": "0A240A222F636F736D6F732E736C617368696E672E763162657461312E4D7367556E6A61696C",
      "raw_log": "[{\"events\":[{\"type\":\"message\",\"attributes\":[{\"key\":\"action\",\"value\":\"/cosmos.slashing.v1beta1.MsgUnjail\"},{\"key\":\"module\",\"value\":\"slashing\"},{\"key\":\"sender\",\"value\":\"terravaloper1fa2gmum9kl9ms73hnrhvg0rkk0s9jvqxpunyr3\"}]}]}]",
      "logs": [
        {
          "events": [
            {
              "type": "message",
              "attributes": [
                {
                  "key": "action",
                  "value": "/cosmos.slashing.v1beta1.MsgUnjail"
                },
                {
                  "key": "module",
                  "value": "slashing"
                },
                {
                  "key": "sender",
                  "value": "terravaloper1fa2gmum9kl9ms73hnrhvg0rkk0s9jvqxpunyr3"
                }
              ]
            }
          ]
        }
      ],
      "gas_wanted": "200000",
      "gas_used": "70679",
      "tx": {
        "type": "core/StdTx",
        "value": {
          "msg": [
            {
              "type": "slashing/MsgUnjail",
              "value": {
                "address": "terravaloper1fa2gmum9kl9ms73hnrhvg0rkk0s9jvqxpunyr3"
              }
            }
          ],
          "fee": {
            "amount": [
              {
                "denom": "uluna",
                "amount": "30000"
              }
            ],
            "gas": "200000"
          },
          "signatures": [],
          "memo": "",
          "timeout_height": "0"
        }
      },
      "timestamp": "2021-06-04T09:59:33Z"
    },
    {
      "height": "4102210",
      "txhash": "D4DA392EC7AA6D3E59D815501E3760F947C54DA01774451310671D43FFEF72A1",
      "data": "0A240A222F636F736D6F732E736C617368696E672E763162657461312E4D7367556E6A61696C",
      "raw_log": "[{\"events\":[{\"type\":\"message\",\"attributes\":[{\"key\":\"action\",\"value\":\"/cosmos.slashing.v1beta1.MsgUnjail\"},{\"key\":\"module\",\"value\":\"slashing\"},{\"key\":\"sender\",\"value\":\"terravaloper16esu0x30mrhhu46yz945h9m5qy9usqkapfkzrt\"}]}]}]",
      "logs": [
        {
          "events": [
            {
              "type": "message",
              "attributes": [
                {
                  "key": "action",
                  "value": "/cosmos.slashing.v1beta1.MsgUnjail"
                },
                {
                  "key": "module",
                  "value": "slashing"
                },
                {
                  "key": "sender",
                  "value": "terravaloper16esu0x30mrhhu46yz945h9m5qy9usqkapfkzrt"
                }
              ]
            }
          ]
        }
      ],
      "gas_wanted": "200000",
      "gas_used": "70810",
      "tx": {
        "type": "core/StdTx",
        "value": {
          "msg": [
            {
              "type": "slashing/MsgUnjail",
              "value": {
                "address": "terravaloper16esu0x30mrhhu46yz945h9m5qy9usqkapfkzrt"
              }
            }
          ],
          "fee": {
            "amount": [
              {
                "denom": "uluna",
                "amount": "30012"
              }
            ],
            "gas": "200000"
          },
          "signatures": [],
          "memo": "",
          "timeout_height": "0"
        }
      },
      "timestamp": "2021-06-04T10:55:32Z"
    },
    {
      "height": "4103066",
      "txhash": "7B0A9FEBC8DC5884D3474D118297A12A6C072433ED19F54F9C929F9DD78E17A0",
      "data": "0A240A222F636F736D6F732E736C617368696E672E763162657461312E4D7367556E6A61696C",
      "raw_log": "[{\"events\":[{\"type\":\"message\",\"attributes\":[{\"key\":\"action\",\"value\":\"/cosmos.slashing.v1beta1.MsgUnjail\"},{\"key\":\"module\",\"value\":\"slashing\"},{\"key\":\"sender\",\"value\":\"terravaloper19zgr0ztha9x6pjt4du80uvrx2tyuqc6desnnlh\"}]}]}]",
      "logs": [
        {
          "events": [
            {
              "type": "message",
              "attributes": [
                {
                  "key": "action",
                  "value": "/cosmos.slashing.v1beta1.MsgUnjail"
                },
                {
                  "key": "module",
                  "value": "slashing"
                },
                {
                  "key": "sender",
                  "value": "terravaloper19zgr0ztha9x6pjt4du80uvrx2tyuqc6desnnlh"
                }
              ]
            }
          ]
        }
      ],
      "gas_wanted": "101562",
      "gas_used": "77330",
      "tx": {
        "type": "core/StdTx",
        "value": {
          "msg": [
            {
              "type": "slashing/MsgUnjail",
              "value": {
                "address": "terravaloper19zgr0ztha9x6pjt4du80uvrx2tyuqc6desnnlh"
              }
            }
          ],
          "fee": {
            "amount": [
              {
                "denom": "uluna",
                "amount": "25391"
              }
            ],
            "gas": "101562"
          },
          "signatures": [],
          "memo": "",
          "timeout_height": "0"
        }
      },
      "timestamp": "2021-06-04T12:13:41Z"
    },
    {
      "height": "4103178",
      "txhash": "D3688B2D127E8A2F8FBDFE5397958E420DAD87682DCB6A0C082FCDA9BB839C5E",
      "data": "0A240A222F636F736D6F732E736C617368696E672E763162657461312E4D7367556E6A61696C",
      "raw_log": "[{\"events\":[{\"type\":\"message\",\"attributes\":[{\"key\":\"action\",\"value\":\"/cosmos.slashing.v1beta1.MsgUnjail\"},{\"key\":\"module\",\"value\":\"slashing\"},{\"key\":\"sender\",\"value\":\"terravaloper10ja74nnrfpxu6allycnk7y2hcy0njefjqkhjdd\"}]}]}]",
      "logs": [
        {
          "events": [
            {
              "type": "message",
              "attributes": [
                {
                  "key": "action",
                  "value": "/cosmos.slashing.v1beta1.MsgUnjail"
                },
                {
                  "key": "module",
                  "value": "slashing"
                },
                {
                  "key": "sender",
                  "value": "terravaloper10ja74nnrfpxu6allycnk7y2hcy0njefjqkhjdd"
                }
              ]
            }
          ]
        }
      ],
      "gas_wanted": "200000",
      "gas_used": "72833",
      "tx": {
        "type": "core/StdTx",
        "value": {
          "msg": [
            {
              "type": "slashing/MsgUnjail",
              "value": {
                "address": "terravaloper10ja74nnrfpxu6allycnk7y2hcy0njefjqkhjdd"
              }
            }
          ],
          "fee": {
            "amount": [
              {
                "denom": "uluna",
                "amount": "50000"
              }
            ],
            "gas": "200000"
          },
          "signatures": [],
          "memo": "",
          "timeout_height": "0"
        }
      },
      "timestamp": "2021-06-04T12:23:53Z"
    },
    {
      "height": "4105132",
      "txhash": "9E6995335A8CB744E4DB011CC999C08F13777062AF9AB7E5AD2959235D822FB1",
      "data": "0A240A222F636F736D6F732E736C617368696E672E763162657461312E4D7367556E6A61696C",
      "raw_log": "[{\"events\":[{\"type\":\"message\",\"attributes\":[{\"key\":\"action\",\"value\":\"/cosmos.slashing.v1beta1.MsgUnjail\"},{\"key\":\"module\",\"value\":\"slashing\"},{\"key\":\"sender\",\"value\":\"terravaloper16d2keu3l8vy7utpuyuylp3um3tjwz8k6j7q2g5\"}]}]}]",
      "logs": [
        {
          "events": [
            {
              "type": "message",
              "attributes": [
                {
                  "key": "action",
                  "value": "/cosmos.slashing.v1beta1.MsgUnjail"
                },
                {
                  "key": "module",
                  "value": "slashing"
                },
                {
                  "key": "sender",
                  "value": "terravaloper16d2keu3l8vy7utpuyuylp3um3tjwz8k6j7q2g5"
                }
              ]
            }
          ]
        }
      ],
      "gas_wanted": "200000",
      "gas_used": "59206",
      "tx": {
        "type": "core/StdTx",
        "value": {
          "msg": [
            {
              "type": "slashing/MsgUnjail",
              "value": {
                "address": "terravaloper16d2keu3l8vy7utpuyuylp3um3tjwz8k6j7q2g5"
              }
            }
          ],
          "fee": {
            "amount": [],
            "gas": "200000"
          },
          "signatures": [],
          "memo": "",
          "timeout_height": "0"
        }
      },
      "timestamp": "2021-06-04T15:22:36Z"
    },
    {
      "height": "4107560",
      "txhash": "E81BF54D8AF8627C96DD87AD8528D355CF5D84CAD9ED3A73215262B1F762A2A6",
      "data": "0A240A222F636F736D6F732E736C617368696E672E763162657461312E4D7367556E6A61696C",
      "raw_log": "[{\"events\":[{\"type\":\"message\",\"attributes\":[{\"key\":\"action\",\"value\":\"/cosmos.slashing.v1beta1.MsgUnjail\"},{\"key\":\"module\",\"value\":\"slashing\"},{\"key\":\"sender\",\"value\":\"terravaloper1pfkp8qqha94vcahh5pll3hd8ujxu8j30xvlqmh\"}]}]}]",
      "logs": [
        {
          "events": [
            {
              "type": "message",
              "attributes": [
                {
                  "key": "action",
                  "value": "/cosmos.slashing.v1beta1.MsgUnjail"
                },
                {
                  "key": "module",
                  "value": "slashing"
                },
                {
                  "key": "sender",
                  "value": "terravaloper1pfkp8qqha94vcahh5pll3hd8ujxu8j30xvlqmh"
                }
              ]
            }
          ]
        }
      ],
      "gas_wanted": "200000",
      "gas_used": "71651",
      "tx": {
        "type": "core/StdTx",
        "value": {
          "msg": [
            {
              "type": "slashing/MsgUnjail",
              "value": {
                "address": "terravaloper1pfkp8qqha94vcahh5pll3hd8ujxu8j30xvlqmh"
              }
            }
          ],
          "fee": {
            "amount": [
              {
                "denom": "uluna",
                "amount": "30000"
              }
            ],
            "gas": "200000"
          },
          "signatures": [],
          "memo": "",
          "timeout_height": "0"
        }
      },
      "timestamp": "2021-06-04T19:04:56Z"
    },
    {
      "height": "4108566",
      "txhash": "D3E87EB92DAA6C95B0515548650B0963C604837F27E3C11E8EECC52C083FD2EB",
      "data": "0A240A222F636F736D6F732E736C617368696E672E763162657461312E4D7367556E6A61696C",
      "raw_log": "[{\"events\":[{\"type\":\"message\",\"attributes\":[{\"key\":\"action\",\"value\":\"/cosmos.slashing.v1beta1.MsgUnjail\"},{\"key\":\"module\",\"value\":\"slashing\"},{\"key\":\"sender\",\"value\":\"terravaloper18t8mtyvxlxf2gjh4x5r06gjfg0nk6gqs974uxh\"}]}]}]",
      "logs": [
        {
          "events": [
            {
              "type": "message",
              "attributes": [
                {
                  "key": "action",
                  "value": "/cosmos.slashing.v1beta1.MsgUnjail"
                },
                {
                  "key": "module",
                  "value": "slashing"
                },
                {
                  "key": "sender",
                  "value": "terravaloper18t8mtyvxlxf2gjh4x5r06gjfg0nk6gqs974uxh"
                }
              ]
            }
          ]
        }
      ],
      "gas_wanted": "200000",
      "gas_used": "72068",
      "tx": {
        "type": "core/StdTx",
        "value": {
          "msg": [
            {
              "type": "slashing/MsgUnjail",
              "value": {
                "address": "terravaloper18t8mtyvxlxf2gjh4x5r06gjfg0nk6gqs974uxh"
              }
            }
          ],
          "fee": {
            "amount": [
              {
                "denom": "uluna",
                "amount": "30000"
              }
            ],
            "gas": "200000"
          },
          "signatures": [],
          "memo": "",
          "timeout_height": "0"
        }
      },
      "timestamp": "2021-06-04T20:37:02Z"
    },
    {
      "height": "4109802",
      "txhash": "9F2C4EF573FEDDCC67EB8B4F05BD2376E61D961187EDB8919E41FB68663F2381",
      "data": "0A240A222F636F736D6F732E736C617368696E672E763162657461312E4D7367556E6A61696C",
      "raw_log": "[{\"events\":[{\"type\":\"message\",\"attributes\":[{\"key\":\"action\",\"value\":\"/cosmos.slashing.v1beta1.MsgUnjail\"},{\"key\":\"module\",\"value\":\"slashing\"},{\"key\":\"sender\",\"value\":\"terravaloper10lk5rrz3srq28ap6x68c9hs86zvvtpm0jkn5qh\"}]}]}]",
      "logs": [
        {
          "events": [
            {
              "type": "message",
              "attributes": [
                {
                  "key": "action",
                  "value": "/cosmos.slashing.v1beta1.MsgUnjail"
                },
                {
                  "key": "module",
                  "value": "slashing"
                },
                {
                  "key": "sender",
                  "value": "terravaloper10lk5rrz3srq28ap6x68c9hs86zvvtpm0jkn5qh"
                }
              ]
            }
          ]
        }
      ],
      "gas_wanted": "200000",
      "gas_used": "70607",
      "tx": {
        "type": "core/StdTx",
        "value": {
          "msg": [
            {
              "type": "slashing/MsgUnjail",
              "value": {
                "address": "terravaloper10lk5rrz3srq28ap6x68c9hs86zvvtpm0jkn5qh"
              }
            }
          ],
          "fee": {
            "amount": [
              {
                "denom": "uluna",
                "amount": "30000"
              }
            ],
            "gas": "200000"
          },
          "signatures": [],
          "memo": "",
          "timeout_height": "0"
        }
      },
      "timestamp": "2021-06-04T22:30:20Z"
    },
    {
      "height": "4129741",
      "txhash": "1863A4A4567BBF02A843B26528C92C84004355E4BC234B4479E425022CCAA3FF",
      "data": "0A240A222F636F736D6F732E736C617368696E672E763162657461312E4D7367556E6A61696C",
      "raw_log": "[{\"events\":[{\"type\":\"message\",\"attributes\":[{\"key\":\"action\",\"value\":\"/cosmos.slashing.v1beta1.MsgUnjail\"},{\"key\":\"module\",\"value\":\"slashing\"},{\"key\":\"sender\",\"value\":\"terravaloper1trpe7wpt2297qasylcgz7ruh09pds4vy0ftgnk\"}]}]}]",
      "logs": [
        {
          "events": [
            {
              "type": "message",
              "attributes": [
                {
                  "key": "action",
                  "value": "/cosmos.slashing.v1beta1.MsgUnjail"
                },
                {
                  "key": "module",
                  "value": "slashing"
                },
                {
                  "key": "sender",
                  "value": "terravaloper1trpe7wpt2297qasylcgz7ruh09pds4vy0ftgnk"
                }
              ]
            }
          ]
        }
      ],
      "gas_wanted": "200000",
      "gas_used": "70728",
      "tx": {
        "type": "core/StdTx",
        "value": {
          "msg": [
            {
              "type": "slashing/MsgUnjail",
              "value": {
                "address": "terravaloper1trpe7wpt2297qasylcgz7ruh09pds4vy0ftgnk"
              }
            }
          ],
          "fee": {
            "amount": [
              {
                "denom": "ukrw",
                "amount": "35610000"
              }
            ],
            "gas": "200000"
          },
          "signatures": [],
          "memo": "",
          "timeout_height": "0"
        }
      },
      "timestamp": "2021-06-06T04:59:46Z"
    },
    {
      "height": "4130024",
      "txhash": "EC45E0A07325C0E1DF6A22B12522D99A7176A1DA60C451C1D67061048D75CD33",
      "data": "0A240A222F636F736D6F732E736C617368696E672E763162657461312E4D7367556E6A61696C",
      "raw_log": "[{\"events\":[{\"type\":\"message\",\"attributes\":[{\"key\":\"action\",\"value\":\"/cosmos.slashing.v1beta1.MsgUnjail\"},{\"key\":\"module\",\"value\":\"slashing\"},{\"key\":\"sender\",\"value\":\"terravaloper1trpe7wpt2297qasylcgz7ruh09pds4vy0ftgnk\"}]}]}]",
      "logs": [
        {
          "events": [
            {
              "type": "message",
              "attributes": [
                {
                  "key": "action",
                  "value": "/cosmos.slashing.v1beta1.MsgUnjail"
                },
                {
                  "key": "module",
                  "value": "slashing"
                },
                {
                  "key": "sender",
                  "value": "terravaloper1trpe7wpt2297qasylcgz7ruh09pds4vy0ftgnk"
                }
              ]
            }
          ]
        }
      ],
      "gas_wanted": "200000",
      "gas_used": "70728",
      "tx": {
        "type": "core/StdTx",
        "value": {
          "msg": [
            {
              "type": "slashing/MsgUnjail",
              "value": {
                "address": "terravaloper1trpe7wpt2297qasylcgz7ruh09pds4vy0ftgnk"
              }
            }
          ],
          "fee": {
            "amount": [
              {
                "denom": "ukrw",
                "amount": "35610000"
              }
            ],
            "gas": "200000"
          },
          "signatures": [],
          "memo": "",
          "timeout_height": "0"
        }
      },
      "timestamp": "2021-06-06T05:25:39Z"
    },
    {
      "height": "4130423",
      "txhash": "D0ABA7294C491B7040CDFC6B6C070F58C88D94043255028AA1A182DCB8BA8332",
      "data": "0A240A222F636F736D6F732E736C617368696E672E763162657461312E4D7367556E6A61696C",
      "raw_log": "[{\"events\":[{\"type\":\"message\",\"attributes\":[{\"key\":\"action\",\"value\":\"/cosmos.slashing.v1beta1.MsgUnjail\"},{\"key\":\"module\",\"value\":\"slashing\"},{\"key\":\"sender\",\"value\":\"terravaloper1g6g0v23c6tv75ygk5za4s2ewwestdfj0k2cy2x\"}]}]}]",
      "logs": [
        {
          "events": [
            {
              "type": "message",
              "attributes": [
                {
                  "key": "action",
                  "value": "/cosmos.slashing.v1beta1.MsgUnjail"
                },
                {
                  "key": "module",
                  "value": "slashing"
                },
                {
                  "key": "sender",
                  "value": "terravaloper1g6g0v23c6tv75ygk5za4s2ewwestdfj0k2cy2x"
                }
              ]
            }
          ]
        }
      ],
      "gas_wanted": "200000",
      "gas_used": "70483",
      "tx": {
        "type": "core/StdTx",
        "value": {
          "msg": [
            {
              "type": "slashing/MsgUnjail",
              "value": {
                "address": "terravaloper1g6g0v23c6tv75ygk5za4s2ewwestdfj0k2cy2x"
              }
            }
          ],
          "fee": {
            "amount": [
              {
                "denom": "uluna",
                "amount": "2266"
              }
            ],
            "gas": "200000"
          },
          "signatures": [],
          "memo": "",
          "timeout_height": "0"
        }
      },
      "timestamp": "2021-06-06T06:02:15Z"
    },
    {
      "height": "4130622",
      "txhash": "BD6A543B3A672FC280FBF478A275426BA3F801BE0A29A698E7909B654A276C12",
      "data": "0A240A222F636F736D6F732E736C617368696E672E763162657461312E4D7367556E6A61696C",
      "raw_log": "[{\"events\":[{\"type\":\"message\",\"attributes\":[{\"key\":\"action\",\"value\":\"/cosmos.slashing.v1beta1.MsgUnjail\"},{\"key\":\"module\",\"value\":\"slashing\"},{\"key\":\"sender\",\"value\":\"terravaloper1lt73jjl7v2cx3d70hnh59ta0uujyyrkhd2ardz\"}]}]}]",
      "logs": [
        {
          "events": [
            {
              "type": "message",
              "attributes": [
                {
                  "key": "action",
                  "value": "/cosmos.slashing.v1beta1.MsgUnjail"
                },
                {
                  "key": "module",
                  "value": "slashing"
                },
                {
                  "key": "sender",
                  "value": "terravaloper1lt73jjl7v2cx3d70hnh59ta0uujyyrkhd2ardz"
                }
              ]
            }
          ]
        }
      ],
      "gas_wanted": "200000",
      "gas_used": "70427",
      "tx": {
        "type": "core/StdTx",
        "value": {
          "msg": [
            {
              "type": "slashing/MsgUnjail",
              "value": {
                "address": "terravaloper1lt73jjl7v2cx3d70hnh59ta0uujyyrkhd2ardz"
              }
            }
          ],
          "fee": {
            "amount": [
              {
                "denom": "uluna",
                "amount": "30000"
              }
            ],
            "gas": "200000"
          },
          "signatures": [],
          "memo": "",
          "timeout_height": "0"
        }
      },
      "timestamp": "2021-06-06T06:20:30Z"
    },
    {
      "height": "4130848",
      "txhash": "50E3246ACF38D2F3E6553B6E90F623DD06BE3BA76B5C32D0D8745AE66E7A2C51",
      "data": "0A240A222F636F736D6F732E736C617368696E672E763162657461312E4D7367556E6A61696C",
      "raw_log": "[{\"events\":[{\"type\":\"message\",\"attributes\":[{\"key\":\"action\",\"value\":\"/cosmos.slashing.v1beta1.MsgUnjail\"},{\"key\":\"module\",\"value\":\"slashing\"},{\"key\":\"sender\",\"value\":\"terravaloper1lt73jjl7v2cx3d70hnh59ta0uujyyrkhd2ardz\"}]}]}]",
      "logs": [
        {
          "events": [
            {
              "type": "message",
              "attributes": [
                {
                  "key": "action",
                  "value": "/cosmos.slashing.v1beta1.MsgUnjail"
                },
                {
                  "key": "module",
                  "value": "slashing"
                },
                {
                  "key": "sender",
                  "value": "terravaloper1lt73jjl7v2cx3d70hnh59ta0uujyyrkhd2ardz"
                }
              ]
            }
          ]
        }
      ],
      "gas_wanted": "200000",
      "gas_used": "70388",
      "tx": {
        "type": "core/StdTx",
        "value": {
          "msg": [
            {
              "type": "slashing/MsgUnjail",
              "value": {
                "address": "terravaloper1lt73jjl7v2cx3d70hnh59ta0uujyyrkhd2ardz"
              }
            }
          ],
          "fee": {
            "amount": [
              {
                "denom": "uluna",
                "amount": "30000"
              }
            ],
            "gas": "200000"
          },
          "signatures": [],
          "memo": "",
          "timeout_height": "0"
        }
      },
      "timestamp": "2021-06-06T06:41:15Z"
    },
    {
      "height": "4140662",
      "txhash": "EFDE32894950B31FB1FE254850609A85E723C38FAD5213A006627F8B5E701886",
      "data": "0A240A222F636F736D6F732E736C617368696E672E763162657461312E4D7367556E6A61696C",
      "raw_log": "[{\"events\":[{\"type\":\"message\",\"attributes\":[{\"key\":\"action\",\"value\":\"/cosmos.slashing.v1beta1.MsgUnjail\"},{\"key\":\"module\",\"value\":\"slashing\"},{\"key\":\"sender\",\"value\":\"terravaloper1suajquk09k9d0upnexlydhurc5t9uh4rn4k0wd\"}]}]}]",
      "logs": [
        {
          "events": [
            {
              "type": "message",
              "attributes": [
                {
                  "key": "action",
                  "value": "/cosmos.slashing.v1beta1.MsgUnjail"
                },
                {
                  "key": "module",
                  "value": "slashing"
                },
                {
                  "key": "sender",
                  "value": "terravaloper1suajquk09k9d0upnexlydhurc5t9uh4rn4k0wd"
                }
              ]
            }
          ]
        }
      ],
      "gas_wanted": "200000",
      "gas_used": "70343",
      "tx": {
        "type": "core/StdTx",
        "value": {
          "msg": [
            {
              "type": "slashing/MsgUnjail",
              "value": {
                "address": "terravaloper1suajquk09k9d0upnexlydhurc5t9uh4rn4k0wd"
              }
            }
          ],
          "fee": {
            "amount": [
              {
                "denom": "uluna",
                "amount": "30000"
              }
            ],
            "gas": "200000"
          },
          "signatures": [],
          "memo": "",
          "timeout_height": "0"
        }
      },
      "timestamp": "2021-06-06T21:34:32Z"
    },
    {
      "height": "4144031",
      "txhash": "98BB22981FFE75D09EFBC3CCDA7C2A906D1336860E0AD2F71A6C786DF558665B",
      "data": "0A240A222F636F736D6F732E736C617368696E672E763162657461312E4D7367556E6A61696C",
      "raw_log": "[{\"events\":[{\"type\":\"message\",\"attributes\":[{\"key\":\"action\",\"value\":\"/cosmos.slashing.v1beta1.MsgUnjail\"},{\"key\":\"module\",\"value\":\"slashing\"},{\"key\":\"sender\",\"value\":\"terravaloper13nyvljuj38s7h3w3w69xdrmmfzm7qwlfxk9emf\"}]}]}]",
      "logs": [
        {
          "events": [
            {
              "type": "message",
              "attributes": [
                {
                  "key": "action",
                  "value": "/cosmos.slashing.v1beta1.MsgUnjail"
                },
                {
                  "key": "module",
                  "value": "slashing"
                },
                {
                  "key": "sender",
                  "value": "terravaloper13nyvljuj38s7h3w3w69xdrmmfzm7qwlfxk9emf"
                }
              ]
            }
          ]
        }
      ],
      "gas_wanted": "200000",
      "gas_used": "70447",
      "tx": {
        "type": "core/StdTx",
        "value": {
          "msg": [
            {
              "type": "slashing/MsgUnjail",
              "value": {
                "address": "terravaloper13nyvljuj38s7h3w3w69xdrmmfzm7qwlfxk9emf"
              }
            }
          ],
          "fee": {
            "amount": [
              {
                "denom": "uluna",
                "amount": "3000"
              }
            ],
            "gas": "200000"
          },
          "signatures": [],
          "memo": "",
          "timeout_height": "0"
        }
      },
      "timestamp": "2021-06-07T02:41:03Z"
    },
    {
      "height": "4176944",
      "txhash": "6029F67C366F9BB7BF88B495F307E2FB2357D4253D203CB2289CC99CB71393E5",
      "data": "0A240A222F636F736D6F732E736C617368696E672E763162657461312E4D7367556E6A61696C",
      "raw_log": "[{\"events\":[{\"type\":\"message\",\"attributes\":[{\"key\":\"action\",\"value\":\"/cosmos.slashing.v1beta1.MsgUnjail\"},{\"key\":\"module\",\"value\":\"slashing\"},{\"key\":\"sender\",\"value\":\"terravaloper165xv35n42lt75tdvcvddgz923hstu8x9fy9px7\"}]}]}]",
      "logs": [
        {
          "events": [
            {
              "type": "message",
              "attributes": [
                {
                  "key": "action",
                  "value": "/cosmos.slashing.v1beta1.MsgUnjail"
                },
                {
                  "key": "module",
                  "value": "slashing"
                },
                {
                  "key": "sender",
                  "value": "terravaloper165xv35n42lt75tdvcvddgz923hstu8x9fy9px7"
                }
              ]
            }
          ]
        }
      ],
      "gas_wanted": "200000",
      "gas_used": "70854",
      "tx": {
        "type": "core/StdTx",
        "value": {
          "msg": [
            {
              "type": "slashing/MsgUnjail",
              "value": {
                "address": "terravaloper165xv35n42lt75tdvcvddgz923hstu8x9fy9px7"
              }
            }
          ],
          "fee": {
            "amount": [
              {
                "denom": "uluna",
                "amount": "300000"
              }
            ],
            "gas": "200000"
          },
          "signatures": [],
          "memo": "",
          "timeout_height": "0"
        }
      },
      "timestamp": "2021-06-09T04:36:06Z"
    },
    {
      "height": "4178551",
      "txhash": "BC3A4DD5FF2D26BB275C59AC59ADA336AB5F98B79804539F61F19593A5B17301",
      "data": "0A240A222F636F736D6F732E736C617368696E672E763162657461312E4D7367556E6A61696C",
      "raw_log": "[{\"events\":[{\"type\":\"message\",\"attributes\":[{\"key\":\"action\",\"value\":\"/cosmos.slashing.v1beta1.MsgUnjail\"},{\"key\":\"module\",\"value\":\"slashing\"},{\"key\":\"sender\",\"value\":\"terravaloper1062zkmnlqhcpwsryk5kjf345x6njzzksqk9ljl\"}]}]}]",
      "logs": [
        {
          "events": [
            {
              "type": "message",
              "attributes": [
                {
                  "key": "action",
                  "value": "/cosmos.slashing.v1beta1.MsgUnjail"
                },
                {
                  "key": "module",
                  "value": "slashing"
                },
                {
                  "key": "sender",
                  "value": "terravaloper1062zkmnlqhcpwsryk5kjf345x6njzzksqk9ljl"
                }
              ]
            }
          ]
        }
      ],
      "gas_wanted": "200000",
      "gas_used": "70379",
      "tx": {
        "type": "core/StdTx",
        "value": {
          "msg": [
            {
              "type": "slashing/MsgUnjail",
              "value": {
                "address": "terravaloper1062zkmnlqhcpwsryk5kjf345x6njzzksqk9ljl"
              }
            }
          ],
          "fee": {
            "amount": [
              {
                "denom": "uluna",
                "amount": "30000"
              }
            ],
            "gas": "200000"
          },
          "signatures": [],
          "memo": "",
          "timeout_height": "0"
        }
      },
      "timestamp": "2021-06-09T07:02:09Z"
    },
    {
      "height": "4180735",
      "txhash": "4605BE8A9D0B658644965A5791D1A26E01D08AAD2E7898B9E7F97B8F171BEBA6",
      "data": "0A240A222F636F736D6F732E736C617368696E672E763162657461312E4D7367556E6A61696C",
      "raw_log": "[{\"events\":[{\"type\":\"message\",\"attributes\":[{\"key\":\"action\",\"value\":\"/cosmos.slashing.v1beta1.MsgUnjail\"},{\"key\":\"module\",\"value\":\"slashing\"},{\"key\":\"sender\",\"value\":\"terravaloper17qy25m5v2j42ye880n3xk2exz5tedsfe4p8w3c\"}]}]}]",
      "logs": [
        {
          "events": [
            {
              "type": "message",
              "attributes": [
                {
                  "key": "action",
                  "value": "/cosmos.slashing.v1beta1.MsgUnjail"
                },
                {
                  "key": "module",
                  "value": "slashing"
                },
                {
                  "key": "sender",
                  "value": "terravaloper17qy25m5v2j42ye880n3xk2exz5tedsfe4p8w3c"
                }
              ]
            }
          ]
        }
      ],
      "gas_wanted": "72282",
      "gas_used": "70752",
      "tx": {
        "type": "core/StdTx",
        "value": {
          "msg": [
            {
              "type": "slashing/MsgUnjail",
              "value": {
                "address": "terravaloper17qy25m5v2j42ye880n3xk2exz5tedsfe4p8w3c"
              }
            }
          ],
          "fee": {
            "amount": [
              {
                "denom": "uluna",
                "amount": "110000"
              }
            ],
            "gas": "72282"
          },
          "signatures": [],
          "memo": "",
          "timeout_height": "0"
        }
      },
      "timestamp": "2021-06-09T10:24:49Z"
    }
  ]
}