{
  "total_count": "19",
  "count": "19",
  "page_number": "1",
  "page_total": "1",
  "limit": "20",
  "txs": [{
      "height": "45460",
      "txhash": "4F8F6EED3D99A15535E53B9600172FDD2E8C3DEE464590274428D90012649EFA",

      "logs": [{
        "msg_index": 0,
        "success": true,
        "log": "",
        "events": [{
            "type": "message",
            "attributes": [{
                "key": "module",
                "value": "distribution"
              },
              {
                "key": "sender",
                "value": "terra1rf9xakxf97a49qa5svsf7yypjswzkutqfclur8"
              },
              {
                "key": "action",
                "value": "set_withdraw_address"
              }
            ]
          },
          {
            "type": "set_withdraw_address",
            "attributes": [{
              "key": "withdraw_address",
              "value": "terra1t849fxw7e8ney35mxemh4h3ayea4zf77dslwna"
            }]
          }
        ]
      }],
      "gas_wanted": "100000",
      "gas_used": "33879",
      "tx": {
        "type": "core/StdTx",
        "value": {
          "msg": [{
            "type": "distribution/MsgModifyWithdrawAddress",
            "value": {
              "delegator_address": "terra1rf9xakxf97a49qa5svsf7yypjswzkutqfclur8",
              "withdraw_address": "terra1t849fxw7e8ney35mxemh4h3ayea4zf77dslwna"
            }
          }],
          "fee": {
            "amount": [{
              "denom": "ukrw",
              "amount": "1500"
            }],
            "gas": "100000"
          },
          "signatures": [{
            "pub_key": {
              "type": "tendermint/PubKeySecp256k1",
              "value": "AyyQtraMl3kEYPXpEbdHUgUsjoixdJAbcIAO8AxAlCcN"
            },
            "signature": "70N+cIiLeaSXKap5atankLZdzH01mT7d2DMo2mLkc44HZhsXQ/WEihpPQBwCGwDHMRFrhCAhSjHIvT9eyKLJXA=="
          }],
          "memo": ""
        }
      },
      "timestamp": "2019-12-17T04:01:59Z",
      "events": [{
          "type": "message",
          "attributes": [{
              "key": "module",
              "value": "distribution"
            },
            {
              "key": "sender",
              "value": "terra1rf9xakxf97a49qa5svsf7yypjswzkutqfclur8"
            },
            {
              "key": "action",
              "value": "set_withdraw_address"
            }
          ]
        },
        {
          "type": "set_withdraw_address",
          "attributes": [{
            "key": "withdraw_address",
            "value": "terra1t849fxw7e8ney35mxemh4h3ayea4zf77dslwna"
          }]
        }
      ]
    },
    {
      "height": "86041",
      "txhash": "E23D346ECBF160C9A419C862A71D9365DFE5F6E405816BE05A85FA5F1AB64161",

      "logs": [{
        "msg_index": 0,
        "success": true,
        "log": "",
        "events": [{
            "type": "message",
            "attributes": [{
                "key": "module",
                "value": "distribution"
              },
              {
                "key": "sender",
                "value": "terra1rf9xakxf97a49qa5svsf7yypjswzkutqfclur8"
              },
              {
                "key": "action",
                "value": "set_withdraw_address"
              }
            ]
          },
          {
            "type": "set_withdraw_address",
            "attributes": [{
              "key": "withdraw_address",
              "value": "terra1t849fxw7e8ney35mxemh4h3ayea4zf77dslwna"
            }]
          }
        ]
      }],
      "gas_wanted": "100000",
      "gas_used": "32058",
      "tx": {
        "type": "core/StdTx",
        "value": {
          "msg": [{
            "type": "distribution/MsgModifyWithdrawAddress",
            "value": {
              "delegator_address": "terra1rf9xakxf97a49qa5svsf7yypjswzkutqfclur8",
              "withdraw_address": "terra1t849fxw7e8ney35mxemh4h3ayea4zf77dslwna"
            }
          }],
          "fee": {
            "amount": [{
              "denom": "ukrw",
              "amount": "1500"
            }],
            "gas": "100000"
          },
          "signatures": [{
            "pub_key": {
              "type": "tendermint/PubKeySecp256k1",
              "value": "AyyQtraMl3kEYPXpEbdHUgUsjoixdJAbcIAO8AxAlCcN"
            },
            "signature": "1y7upG0Hf6CVfnxs+GdFFxyDprhFvNR+M9kv1ZZ+ZkZgiO/RlgMYrVJ3sJnGtvVhRNvdmqc1cq2XwUKVHDxLfQ=="
          }],
          "memo": ""
        }
      },
      "timestamp": "2019-12-20T05:14:55Z",
      "events": [{
          "type": "message",
          "attributes": [{
              "key": "module",
              "value": "distribution"
            },
            {
              "key": "sender",
              "value": "terra1rf9xakxf97a49qa5svsf7yypjswzkutqfclur8"
            },
            {
              "key": "action",
              "value": "set_withdraw_address"
            }
          ]
        },
        {
          "type": "set_withdraw_address",
          "attributes": [{
            "key": "withdraw_address",
            "value": "terra1t849fxw7e8ney35mxemh4h3ayea4zf77dslwna"
          }]
        }
      ]
    },
    {
      "height": "506841",
      "txhash": "A078A57EDC0693640F576F8E051AE87D352784572373641906A94263F607167B",

      "logs": [{
        "msg_index": 0,
        "success": true,
        "log": "",
        "events": [{
            "type": "message",
            "attributes": [{
                "key": "module",
                "value": "distribution"
              },
              {
                "key": "sender",
                "value": "terra1rf9xakxf97a49qa5svsf7yypjswzkutqfclur8"
              },
              {
                "key": "action",
                "value": "set_withdraw_address"
              }
            ]
          },
          {
            "type": "set_withdraw_address",
            "attributes": [{
              "key": "withdraw_address",
              "value": "terra1ucp369yry6n70qq3zaxyt85cnug75r7ln8l6se"
            }]
          }
        ]
      }],
      "gas_wanted": "100000",
      "gas_used": "33354",
      "tx": {
        "type": "core/StdTx",
        "value": {
          "msg": [{
            "type": "distribution/MsgModifyWithdrawAddress",
            "value": {
              "delegator_address": "terra1rf9xakxf97a49qa5svsf7yypjswzkutqfclur8",
              "withdraw_address": "terra1ucp369yry6n70qq3zaxyt85cnug75r7ln8l6se"
            }
          }],
          "fee": {
            "amount": [{
              "denom": "ukrw",
              "amount": "1500"
            }],
            "gas": "100000"
          },
          "signatures": [{
            "pub_key": {
              "type": "tendermint/PubKeySecp256k1",
              "value": "AyyQtraMl3kEYPXpEbdHUgUsjoixdJAbcIAO8AxAlCcN"
            },
            "signature": "C2/Tw2NDx39Qa0vvFNxlRUJvdzRF0ms3CHrebA+4ZVQN94Lgqf3f7ioA+ALdkvw6sY8LJ0cVrLbk6BJbUyx4ww=="
          }],
          "memo": ""
        }
      },
      "timestamp": "2020-01-21T03:22:32Z",
      "events": [{
          "type": "message",
          "attributes": [{
              "key": "module",
              "value": "distribution"
            },
            {
              "key": "sender",
              "value": "terra1rf9xakxf97a49qa5svsf7yypjswzkutqfclur8"
            },
            {
              "key": "action",
              "value": "set_withdraw_address"
            }
          ]
        },
        {
          "type": "set_withdraw_address",
          "attributes": [{
            "key": "withdraw_address",
            "value": "terra1ucp369yry6n70qq3zaxyt85cnug75r7ln8l6se"
          }]
        }
      ]
    },
    {
      "height": "532453",
      "txhash": "A7B92C69C04587D7484F2ABD5B77D2B6F9DA22DAA1B70227DC55A54288C58AFC",

      "logs": [{
        "msg_index": 0,
        "success": true,
        "log": "",
        "events": [{
            "type": "message",
            "attributes": [{
                "key": "module",
                "value": "distribution"
              },
              {
                "key": "sender",
                "value": "terra13e8mwh2e7a4ckd8pxfr80u4k8gpsgqwvzzauqr"
              },
              {
                "key": "action",
                "value": "set_withdraw_address"
              }
            ]
          },
          {
            "type": "set_withdraw_address",
            "attributes": [{
              "key": "withdraw_address",
              "value": "terra14t0as0q6989sr4cn52gj0gwl8duxq54glcahqt"
            }]
          }
        ]
      }],
      "gas_wanted": "100000",
      "gas_used": "30379",
      "tx": {
        "type": "core/StdTx",
        "value": {
          "msg": [{
            "type": "distribution/MsgModifyWithdrawAddress",
            "value": {
              "delegator_address": "terra13e8mwh2e7a4ckd8pxfr80u4k8gpsgqwvzzauqr",
              "withdraw_address": "terra14t0as0q6989sr4cn52gj0gwl8duxq54glcahqt"
            }
          }],
          "fee": {
            "amount": [{
              "denom": "uluna",
              "amount": "5000"
            }],
            "gas": "100000"
          },
          "signatures": [{
            "pub_key": {
              "type": "tendermint/PubKeySecp256k1",
              "value": "AnIAUfs5idjmwQ61ViQfyIB+QHKFVkX4XEZ5d/PTBL1S"
            },
            "signature": "OauAeFdQwdCJqAz/7gvkcsPqMkl7abeVLMU9oPnnYkcYM8Aa6jVFLD6nSGh0zkYA1Q1lHWUk881L8ARa3CiVzw=="
          }],
          "memo": ""
        }
      },
      "timestamp": "2020-01-23T02:02:19Z",
      "events": [{
          "type": "message",
          "attributes": [{
              "key": "module",
              "value": "distribution"
            },
            {
              "key": "sender",
              "value": "terra13e8mwh2e7a4ckd8pxfr80u4k8gpsgqwvzzauqr"
            },
            {
              "key": "action",
              "value": "set_withdraw_address"
            }
          ]
        },
        {
          "type": "set_withdraw_address",
          "attributes": [{
            "key": "withdraw_address",
            "value": "terra14t0as0q6989sr4cn52gj0gwl8duxq54glcahqt"
          }]
        }
      ]
    },
    {
      "height": "699935",
      "txhash": "A4611A06A075D321142EFB6D78FF9FB5FF242FE27A9F0ED54A14046602E232A1",

      "logs": [{
        "msg_index": 0,
        "success": true,
        "log": "",
        "events": [{
            "type": "message",
            "attributes": [{
                "key": "module",
                "value": "distribution"
              },
              {
                "key": "sender",
                "value": "terra1304lfjwqymam3hfqy2pzlc3qngyhv0tfls8q36"
              },
              {
                "key": "action",
                "value": "set_withdraw_address"
              }
            ]
          },
          {
            "type": "set_withdraw_address",
            "attributes": [{
              "key": "withdraw_address",
              "value": "terra13al75k3hhg3mqs2s02akr3q3tn6fyersfpc5kz"
            }]
          }
        ]
      }],
      "gas_wanted": "250000",
      "gas_used": "29671",
      "tx": {
        "type": "core/StdTx",
        "value": {
          "msg": [{
            "type": "distribution/MsgModifyWithdrawAddress",
            "value": {
              "delegator_address": "terra1304lfjwqymam3hfqy2pzlc3qngyhv0tfls8q36",
              "withdraw_address": "terra13al75k3hhg3mqs2s02akr3q3tn6fyersfpc5kz"
            }
          }],
          "fee": {
            "amount": [{
              "denom": "uluna",
              "amount": "3750"
            }],
            "gas": "250000"
          },
          "signatures": [{
            "pub_key": {
              "type": "tendermint/PubKeySecp256k1",
              "value": "AhykfdCAugpX8slFWM5D0ULN5bHZAu60/TKgBjRtGZME"
            },
            "signature": "2ipAbbSVD0gMpCQR8jg0d8V1MOFp35a028s3AynWl+QkLk83NECfkya+BXuPh/YFyisedd9ZWSdNuGnpRjS2GA=="
          }],
          "memo": ""
        }
      },
      "timestamp": "2020-02-04T19:42:38Z",
      "events": [{
          "type": "message",
          "attributes": [{
              "key": "module",
              "value": "distribution"
            },
            {
              "key": "sender",
              "value": "terra1304lfjwqymam3hfqy2pzlc3qngyhv0tfls8q36"
            },
            {
              "key": "action",
              "value": "set_withdraw_address"
            }
          ]
        },
        {
          "type": "set_withdraw_address",
          "attributes": [{
            "key": "withdraw_address",
            "value": "terra13al75k3hhg3mqs2s02akr3q3tn6fyersfpc5kz"
          }]
        }
      ]
    },
    {
      "height": "699948",
      "txhash": "45123499BB0559F7391780BF16FF52A410FDBEEA1791B7E8B517E10A7DACD7E3",

      "logs": [{
        "msg_index": 0,
        "success": true,
        "log": "",
        "events": [{
            "type": "message",
            "attributes": [{
                "key": "module",
                "value": "distribution"
              },
              {
                "key": "sender",
                "value": "terra1mv8khh0wvkkc84ds7r0my64wm2q8yyzm2sl3tw"
              },
              {
                "key": "action",
                "value": "set_withdraw_address"
              }
            ]
          },
          {
            "type": "set_withdraw_address",
            "attributes": [{
              "key": "withdraw_address",
              "value": "terra1d670jdka7uuqlylgnpypgtcwh5vlf3aungs3na"
            }]
          }
        ]
      }],
      "gas_wanted": "250000",
      "gas_used": "30148",
      "tx": {
        "type": "core/StdTx",
        "value": {
          "msg": [{
            "type": "distribution/MsgModifyWithdrawAddress",
            "value": {
              "delegator_address": "terra1mv8khh0wvkkc84ds7r0my64wm2q8yyzm2sl3tw",
              "withdraw_address": "terra1d670jdka7uuqlylgnpypgtcwh5vlf3aungs3na"
            }
          }],
          "fee": {
            "amount": [{
              "denom": "uluna",
              "amount": "3750"
            }],
            "gas": "250000"
          },
          "signatures": [{
            "pub_key": {
              "type": "tendermint/PubKeySecp256k1",
              "value": "AouCyTB3H5oJ7u8hgkG4Owm79HNDFTR4sV+yQKGiVYZ7"
            },
            "signature": "hebZWHGrizijPIYv3qX+d8iJv6mtQHGh8pMFgn1DjfQd+iXjMweobBoWBVCpYkLbSVxkgmB1XnRtYJBKqssuMg=="
          }],
          "memo": ""
        }
      },
      "timestamp": "2020-02-04T19:44:04Z",
      "events": [{
          "type": "message",
          "attributes": [{
              "key": "module",
              "value": "distribution"
            },
            {
              "key": "sender",
              "value": "terra1mv8khh0wvkkc84ds7r0my64wm2q8yyzm2sl3tw"
            },
            {
              "key": "action",
              "value": "set_withdraw_address"
            }
          ]
        },
        {
          "type": "set_withdraw_address",
          "attributes": [{
            "key": "withdraw_address",
            "value": "terra1d670jdka7uuqlylgnpypgtcwh5vlf3aungs3na"
          }]
        }
      ]
    },
    {
      "height": "699985",
      "txhash": "17A1CA045069A8B79B0F8E1B78F5BEAC3FAEF5B4A4F934CF1D8FC503472F4F75",

      "logs": [{
        "msg_index": 0,
        "success": true,
        "log": "",
        "events": [{
            "type": "message",
            "attributes": [{
                "key": "module",
                "value": "distribution"
              },
              {
                "key": "sender",
                "value": "terra1mv8khh0wvkkc84ds7r0my64wm2q8yyzm2sl3tw"
              },
              {
                "key": "action",
                "value": "set_withdraw_address"
              }
            ]
          },
          {
            "type": "set_withdraw_address",
            "attributes": [{
              "key": "withdraw_address",
              "value": "terra1d670jdka7uuqlylgnpypgtcwh5vlf3aungs3na"
            }]
          }
        ]
      }],
      "gas_wanted": "38355",
      "gas_used": "30070",
      "tx": {
        "type": "core/StdTx",
        "value": {
          "msg": [{
            "type": "distribution/MsgModifyWithdrawAddress",
            "value": {
              "delegator_address": "terra1mv8khh0wvkkc84ds7r0my64wm2q8yyzm2sl3tw",
              "withdraw_address": "terra1d670jdka7uuqlylgnpypgtcwh5vlf3aungs3na"
            }
          }],
          "fee": {
            "amount": [{
              "denom": "uluna",
              "amount": "1343"
            }],
            "gas": "38355"
          },
          "signatures": [{
            "pub_key": {
              "type": "tendermint/PubKeySecp256k1",
              "value": "AouCyTB3H5oJ7u8hgkG4Owm79HNDFTR4sV+yQKGiVYZ7"
            },
            "signature": "WDTZ9z72caNGQwKqfxTLvjOsXzlIItsXykKVQSvPA4AWfkh6xqCt/uhEixuttamOl8HZLHSlOPj5TzWytRG4EQ=="
          }],
          "memo": ""
        }
      },
      "timestamp": "2020-02-04T19:48:08Z",
      "events": [{
          "type": "message",
          "attributes": [{
              "key": "module",
              "value": "distribution"
            },
            {
              "key": "sender",
              "value": "terra1mv8khh0wvkkc84ds7r0my64wm2q8yyzm2sl3tw"
            },
            {
              "key": "action",
              "value": "set_withdraw_address"
            }
          ]
        },
        {
          "type": "set_withdraw_address",
          "attributes": [{
            "key": "withdraw_address",
            "value": "terra1d670jdka7uuqlylgnpypgtcwh5vlf3aungs3na"
          }]
        }
      ]
    },
    {
      "height": "700008",
      "txhash": "1C4F635B5C3D68740DA246EA58E364315A65426E8DA06800B4E1FB63586A0F84",

      "logs": [{
        "msg_index": 0,
        "success": true,
        "log": "",
        "events": [{
            "type": "message",
            "attributes": [{
                "key": "module",
                "value": "distribution"
              },
              {
                "key": "sender",
                "value": "terra1hr0990vl5f0ewsenkcmz33ndv2ff79mmu2pewc"
              },
              {
                "key": "action",
                "value": "set_withdraw_address"
              }
            ]
          },
          {
            "type": "set_withdraw_address",
            "attributes": [{
              "key": "withdraw_address",
              "value": "terra1za69yrjmmkjqrqswjjvhcmrfskm6tr5apzd7wk"
            }]
          }
        ]
      }],
      "gas_wanted": "37167",
      "gas_used": "29128",
      "tx": {
        "type": "core/StdTx",
        "value": {
          "msg": [{
            "type": "distribution/MsgModifyWithdrawAddress",
            "value": {
              "delegator_address": "terra1hr0990vl5f0ewsenkcmz33ndv2ff79mmu2pewc",
              "withdraw_address": "terra1za69yrjmmkjqrqswjjvhcmrfskm6tr5apzd7wk"
            }
          }],
          "fee": {
            "amount": [{
              "denom": "uluna",
              "amount": "1301"
            }],
            "gas": "37167"
          },
          "signatures": [{
            "pub_key": {
              "type": "tendermint/PubKeySecp256k1",
              "value": "ArFpXMVcM7Ha3AFzzf74CGCOphVCzjoAIVHKp3qbVOYc"
            },
            "signature": "QAB0y4Z6hqAEPBmdQsUSywvsRD/KJtG2uId8KoHNnpRX1G33G86xfNKU79JmufBgeBXqXP24VSDR9fuePGfBzA=="
          }],
          "memo": ""
        }
      },
      "timestamp": "2020-02-04T19:50:38Z",
      "events": [{
          "type": "message",
          "attributes": [{
              "key": "module",
              "value": "distribution"
            },
            {
              "key": "sender",
              "value": "terra1hr0990vl5f0ewsenkcmz33ndv2ff79mmu2pewc"
            },
            {
              "key": "action",
              "value": "set_withdraw_address"
            }
          ]
        },
        {
          "type": "set_withdraw_address",
          "attributes": [{
            "key": "withdraw_address",
            "value": "terra1za69yrjmmkjqrqswjjvhcmrfskm6tr5apzd7wk"
          }]
        }
      ]
    },
    {
      "height": "700015",
      "txhash": "3CAAFFB7C94E4CBAE03FBF5CD4D3BE6C50C76E852E966651F2B6280D9916AFDB",

      "logs": [{
        "msg_index": 0,
        "success": true,
        "log": "",
        "events": [{
            "type": "message",
            "attributes": [{
                "key": "module",
                "value": "distribution"
              },
              {
                "key": "sender",
                "value": "terra1p4h50ww8lsfcy2kgr64cetwt40d9zwrq6ypkx9"
              },
              {
                "key": "action",
                "value": "set_withdraw_address"
              }
            ]
          },
          {
            "type": "set_withdraw_address",
            "attributes": [{
              "key": "withdraw_address",
              "value": "terra1euzezvu28lm92x3tmdma7qmln47lj6z28zcl7m"
            }]
          }
        ]
      }],
      "gas_wanted": "37383",
      "gas_used": "27094",
      "tx": {
        "type": "core/StdTx",
        "value": {
          "msg": [{
            "type": "distribution/MsgModifyWithdrawAddress",
            "value": {
              "delegator_address": "terra1p4h50ww8lsfcy2kgr64cetwt40d9zwrq6ypkx9",
              "withdraw_address": "terra1euzezvu28lm92x3tmdma7qmln47lj6z28zcl7m"
            }
          }],
          "fee": {
            "amount": [{
              "denom": "uluna",
              "amount": "1309"
            }],
            "gas": "37383"
          },
          "signatures": [{
            "pub_key": {
              "type": "tendermint/PubKeySecp256k1",
              "value": "AsTCL3xl1fJqB9eibjTkgR62XccuQ5KMlSInCN27uSsG"
            },
            "signature": "4L0o6sYNoVsheTn8hvi9CAWL/UZ4hvu0e5aoXs7Iju1gFjB9M5FNkTNqu7vU2XrAdU9xyTUEBiDVdMlby2chVQ=="
          }],
          "memo": ""
        }
      },
      "timestamp": "2020-02-04T19:51:25Z",
      "events": [{
          "type": "message",
          "attributes": [{
              "key": "module",
              "value": "distribution"
            },
            {
              "key": "sender",
              "value": "terra1p4h50ww8lsfcy2kgr64cetwt40d9zwrq6ypkx9"
            },
            {
              "key": "action",
              "value": "set_withdraw_address"
            }
          ]
        },
        {
          "type": "set_withdraw_address",
          "attributes": [{
            "key": "withdraw_address",
            "value": "terra1euzezvu28lm92x3tmdma7qmln47lj6z28zcl7m"
          }]
        }
      ]
    },
    {
      "height": "700024",
      "txhash": "E7E8386887D5B80E311029B857117EBC5BA7F62E80369C5757E8DF1188D8FD88",

      "logs": [{
        "msg_index": 0,
        "success": true,
        "log": "",
        "events": [{
            "type": "message",
            "attributes": [{
                "key": "module",
                "value": "distribution"
              },
              {
                "key": "sender",
                "value": "terra19uyx68e9zqt4kw7mp2d0tfd8l7caxguemc9gd8"
              },
              {
                "key": "action",
                "value": "set_withdraw_address"
              }
            ]
          },
          {
            "type": "set_withdraw_address",
            "attributes": [{
              "key": "withdraw_address",
              "value": "terra1y5e4fvar02suf8x0px4nekf47q4qp08keyjyww"
            }]
          }
        ]
      }],
      "gas_wanted": "37383",
      "gas_used": "27757",
      "tx": {
        "type": "core/StdTx",
        "value": {
          "msg": [{
            "type": "distribution/MsgModifyWithdrawAddress",
            "value": {
              "delegator_address": "terra19uyx68e9zqt4kw7mp2d0tfd8l7caxguemc9gd8",
              "withdraw_address": "terra1y5e4fvar02suf8x0px4nekf47q4qp08keyjyww"
            }
          }],
          "fee": {
            "amount": [{
              "denom": "uluna",
              "amount": "1309"
            }],
            "gas": "37383"
          },
          "signatures": [{
            "pub_key": {
              "type": "tendermint/PubKeySecp256k1",
              "value": "A78SoSFkoCpnSRTpKQFzY0xGVCwMU0EZQd2SLpj0h+6w"
            },
            "signature": "Lu/PCAwV5/vGfZ8+cM52xNoNOX+MMBT84mdBQ+ae36woD3iS9rTJn817pYYInxDOXHK4IPYxcdZXso7YkEU+5A=="
          }],
          "memo": ""
        }
      },
      "timestamp": "2020-02-04T19:52:25Z",
      "events": [{
          "type": "message",
          "attributes": [{
              "key": "module",
              "value": "distribution"
            },
            {
              "key": "sender",
              "value": "terra19uyx68e9zqt4kw7mp2d0tfd8l7caxguemc9gd8"
            },
            {
              "key": "action",
              "value": "set_withdraw_address"
            }
          ]
        },
        {
          "type": "set_withdraw_address",
          "attributes": [{
            "key": "withdraw_address",
            "value": "terra1y5e4fvar02suf8x0px4nekf47q4qp08keyjyww"
          }]
        }
      ]
    },
    {
      "height": "700030",
      "txhash": "A79D11E15F7E31B47392846279F8D4D51260457E37B98A67EBF82E6DF0DC5BBB",

      "logs": [{
        "msg_index": 0,
        "success": true,
        "log": "",
        "events": [{
            "type": "message",
            "attributes": [{
                "key": "module",
                "value": "distribution"
              },
              {
                "key": "sender",
                "value": "terra1tevvlwn6ps7w2vckyc6wdw8vx5rw4qzmlsnqls"
              },
              {
                "key": "action",
                "value": "set_withdraw_address"
              }
            ]
          },
          {
            "type": "set_withdraw_address",
            "attributes": [{
              "key": "withdraw_address",
              "value": "terra1mgw3grxa8sqguj2kff4ukj5l6vq8wqe4zxp56a"
            }]
          }
        ]
      }],
      "gas_wanted": "37383",
      "gas_used": "27094",
      "tx": {
        "type": "core/StdTx",
        "value": {
          "msg": [{
            "type": "distribution/MsgModifyWithdrawAddress",
            "value": {
              "delegator_address": "terra1tevvlwn6ps7w2vckyc6wdw8vx5rw4qzmlsnqls",
              "withdraw_address": "terra1mgw3grxa8sqguj2kff4ukj5l6vq8wqe4zxp56a"
            }
          }],
          "fee": {
            "amount": [{
              "denom": "uluna",
              "amount": "1309"
            }],
            "gas": "37383"
          },
          "signatures": [{
            "pub_key": {
              "type": "tendermint/PubKeySecp256k1",
              "value": "AgO2y6rujDeYr60q3l6XLOnkzVPnIahURD9PUwvESlub"
            },
            "signature": "VgDNtoc3s27ciQDm3P3IEe5FIPr5nEJadCLS82XuvelwIt4NOj49b3pRAR9Ugkm2+JFtIpbpP14q7xvzDWafiA=="
          }],
          "memo": ""
        }
      },
      "timestamp": "2020-02-04T19:53:04Z",
      "events": [{
          "type": "message",
          "attributes": [{
              "key": "module",
              "value": "distribution"
            },
            {
              "key": "sender",
              "value": "terra1tevvlwn6ps7w2vckyc6wdw8vx5rw4qzmlsnqls"
            },
            {
              "key": "action",
              "value": "set_withdraw_address"
            }
          ]
        },
        {
          "type": "set_withdraw_address",
          "attributes": [{
            "key": "withdraw_address",
            "value": "terra1mgw3grxa8sqguj2kff4ukj5l6vq8wqe4zxp56a"
          }]
        }
      ]
    },
    {
      "height": "700036",
      "txhash": "C560E2888F6DDBB47D0B354E85220C42D07F91F07ED0EEEF44196661982D86BA",

      "logs": [{
        "msg_index": 0,
        "success": true,
        "log": "",
        "events": [{
            "type": "message",
            "attributes": [{
                "key": "module",
                "value": "distribution"
              },
              {
                "key": "sender",
                "value": "terra1c5aczrpm74wfwctrg8c67rl6zz5muwvlqtl8an"
              },
              {
                "key": "action",
                "value": "set_withdraw_address"
              }
            ]
          },
          {
            "type": "set_withdraw_address",
            "attributes": [{
              "key": "withdraw_address",
              "value": "terra1qtev0fahu9wlchswxrf6q7sdfjz3rpu074rn5a"
            }]
          }
        ]
      }],
      "gas_wanted": "37383",
      "gas_used": "27094",
      "tx": {
        "type": "core/StdTx",
        "value": {
          "msg": [{
            "type": "distribution/MsgModifyWithdrawAddress",
            "value": {
              "delegator_address": "terra1c5aczrpm74wfwctrg8c67rl6zz5muwvlqtl8an",
              "withdraw_address": "terra1qtev0fahu9wlchswxrf6q7sdfjz3rpu074rn5a"
            }
          }],
          "fee": {
            "amount": [{
              "denom": "uluna",
              "amount": "1309"
            }],
            "gas": "37383"
          },
          "signatures": [{
            "pub_key": {
              "type": "tendermint/PubKeySecp256k1",
              "value": "Ah9yNA56/TQAMTKdc4iYGkM3ESMsTcxuQTck2PihWFp4"
            },
            "signature": "Sz2P0MUg104l7fyGlpfE177gCueRTDLFSSvXptLFm7MEYQLaglrWlzZ7C5hKqpNB1l9kTJtVr6B0kvzAmhY82w=="
          }],
          "memo": ""
        }
      },
      "timestamp": "2020-02-04T19:53:43Z",
      "events": [{
          "type": "message",
          "attributes": [{
              "key": "module",
              "value": "distribution"
            },
            {
              "key": "sender",
              "value": "terra1c5aczrpm74wfwctrg8c67rl6zz5muwvlqtl8an"
            },
            {
              "key": "action",
              "value": "set_withdraw_address"
            }
          ]
        },
        {
          "type": "set_withdraw_address",
          "attributes": [{
            "key": "withdraw_address",
            "value": "terra1qtev0fahu9wlchswxrf6q7sdfjz3rpu074rn5a"
          }]
        }
      ]
    },
    {
      "height": "700044",
      "txhash": "78567505B0F9E11A4F703EDDC6A1B1B37E36ABCC41AE9DA09F75536F65814A49",

      "logs": [{
        "msg_index": 0,
        "success": true,
        "log": "",
        "events": [{
            "type": "message",
            "attributes": [{
                "key": "module",
                "value": "distribution"
              },
              {
                "key": "sender",
                "value": "terra1x9r54kh0q0vg5nqnm7eem4dex5tgvka5k9yacg"
              },
              {
                "key": "action",
                "value": "set_withdraw_address"
              }
            ]
          },
          {
            "type": "set_withdraw_address",
            "attributes": [{
              "key": "withdraw_address",
              "value": "terra1jaenemfxxtm6uk7nnez4g0a0cfls9gwrunvdjr"
            }]
          }
        ]
      }],
      "gas_wanted": "37383",
      "gas_used": "27796",
      "tx": {
        "type": "core/StdTx",
        "value": {
          "msg": [{
            "type": "distribution/MsgModifyWithdrawAddress",
            "value": {
              "delegator_address": "terra1x9r54kh0q0vg5nqnm7eem4dex5tgvka5k9yacg",
              "withdraw_address": "terra1jaenemfxxtm6uk7nnez4g0a0cfls9gwrunvdjr"
            }
          }],
          "fee": {
            "amount": [{
              "denom": "uluna",
              "amount": "1309"
            }],
            "gas": "37383"
          },
          "signatures": [{
            "pub_key": {
              "type": "tendermint/PubKeySecp256k1",
              "value": "A71xZGPwTVqs7n8ZpBkMbLlYhpwzFuUbezi9gkS9KlQB"
            },
            "signature": "5IRGoCnJReVX4hKquHRlrSwXDU/mwjEzE7pWZN4szplsa07dgysAx+wAXTevQpaUtFgQNXsQjQzToHzLNM8Mrg=="
          }],
          "memo": ""
        }
      },
      "timestamp": "2020-02-04T19:54:35Z",
      "events": [{
          "type": "message",
          "attributes": [{
              "key": "module",
              "value": "distribution"
            },
            {
              "key": "sender",
              "value": "terra1x9r54kh0q0vg5nqnm7eem4dex5tgvka5k9yacg"
            },
            {
              "key": "action",
              "value": "set_withdraw_address"
            }
          ]
        },
        {
          "type": "set_withdraw_address",
          "attributes": [{
            "key": "withdraw_address",
            "value": "terra1jaenemfxxtm6uk7nnez4g0a0cfls9gwrunvdjr"
          }]
        }
      ]
    },
    {
      "height": "700057",
      "txhash": "86367834EAE3186915AF0C90ED543EF41949C93937EB997ED5406DE97DACDA3E",

      "logs": [{
        "msg_index": 0,
        "success": true,
        "log": "",
        "events": [{
            "type": "message",
            "attributes": [{
                "key": "module",
                "value": "distribution"
              },
              {
                "key": "sender",
                "value": "terra1j0x4m7u8t48dxda0zga7w6m0cvqkvgkkpk4umv"
              },
              {
                "key": "action",
                "value": "set_withdraw_address"
              }
            ]
          },
          {
            "type": "set_withdraw_address",
            "attributes": [{
              "key": "withdraw_address",
              "value": "terra1c757rgcnpmf24jmj3j0630k8vx23eqalda63n5"
            }]
          }
        ]
      }],
      "gas_wanted": "37482",
      "gas_used": "27751",
      "tx": {
        "type": "core/StdTx",
        "value": {
          "msg": [{
            "type": "distribution/MsgModifyWithdrawAddress",
            "value": {
              "delegator_address": "terra1j0x4m7u8t48dxda0zga7w6m0cvqkvgkkpk4umv",
              "withdraw_address": "terra1c757rgcnpmf24jmj3j0630k8vx23eqalda63n5"
            }
          }],
          "fee": {
            "amount": [{
              "denom": "uluna",
              "amount": "1312"
            }],
            "gas": "37482"
          },
          "signatures": [{
            "pub_key": {
              "type": "tendermint/PubKeySecp256k1",
              "value": "A/t1XW5/kls3dWSboYBHxzUIB97jF/UoaWuJNe+cBlOf"
            },
            "signature": "CwURn/f9sVZ2R5Qr4NXzyOZ0xsm9THAPwaFCidq9XtkyjAwwq2+o5ILrVP+NlfqSKDhctGJecUJD9d/l0I1d7w=="
          }],
          "memo": ""
        }
      },
      "timestamp": "2020-02-04T19:56:00Z",
      "events": [{
          "type": "message",
          "attributes": [{
              "key": "module",
              "value": "distribution"
            },
            {
              "key": "sender",
              "value": "terra1j0x4m7u8t48dxda0zga7w6m0cvqkvgkkpk4umv"
            },
            {
              "key": "action",
              "value": "set_withdraw_address"
            }
          ]
        },
        {
          "type": "set_withdraw_address",
          "attributes": [{
            "key": "withdraw_address",
            "value": "terra1c757rgcnpmf24jmj3j0630k8vx23eqalda63n5"
          }]
        }
      ]
    },
    {
      "height": "700064",
      "txhash": "20A0237732E1A56F1030AA1EEC6D910B81E8E15E342C4BB96E5C4871D314E98E",

      "logs": [{
        "msg_index": 0,
        "success": true,
        "log": "",
        "events": [{
            "type": "message",
            "attributes": [{
                "key": "module",
                "value": "distribution"
              },
              {
                "key": "sender",
                "value": "terra1304lfjwqymam3hfqy2pzlc3qngyhv0tfls8q36"
              },
              {
                "key": "action",
                "value": "set_withdraw_address"
              }
            ]
          },
          {
            "type": "set_withdraw_address",
            "attributes": [{
              "key": "withdraw_address",
              "value": "terra13al75k3hhg3mqs2s02akr3q3tn6fyersfpc5kz"
            }]
          }
        ]
      }],
      "gas_wanted": "37860",
      "gas_used": "29632",
      "tx": {
        "type": "core/StdTx",
        "value": {
          "msg": [{
            "type": "distribution/MsgModifyWithdrawAddress",
            "value": {
              "delegator_address": "terra1304lfjwqymam3hfqy2pzlc3qngyhv0tfls8q36",
              "withdraw_address": "terra13al75k3hhg3mqs2s02akr3q3tn6fyersfpc5kz"
            }
          }],
          "fee": {
            "amount": [{
              "denom": "uluna",
              "amount": "1326"
            }],
            "gas": "37860"
          },
          "signatures": [{
            "pub_key": {
              "type": "tendermint/PubKeySecp256k1",
              "value": "AhykfdCAugpX8slFWM5D0ULN5bHZAu60/TKgBjRtGZME"
            },
            "signature": "kCOGnu30h1rKnEKN/xZbUkSj1we3oFGojXrPHwMgZbBtEeg0HiNmqgxSOKTAJjQ5jr8AIQykF/WkKYxAbVqNHA=="
          }],
          "memo": ""
        }
      },
      "timestamp": "2020-02-04T19:56:46Z",
      "events": [{
          "type": "message",
          "attributes": [{
              "key": "module",
              "value": "distribution"
            },
            {
              "key": "sender",
              "value": "terra1304lfjwqymam3hfqy2pzlc3qngyhv0tfls8q36"
            },
            {
              "key": "action",
              "value": "set_withdraw_address"
            }
          ]
        },
        {
          "type": "set_withdraw_address",
          "attributes": [{
            "key": "withdraw_address",
            "value": "terra13al75k3hhg3mqs2s02akr3q3tn6fyersfpc5kz"
          }]
        }
      ]
    },
    {
      "height": "706334",
      "txhash": "6AE20D0CCC32D01FC93E374FE43C7D61AB923599CC904BBFD7C7B0449BDEC1DE",

      "logs": [{
        "msg_index": 0,
        "success": true,
        "log": "",
        "events": [{
            "type": "message",
            "attributes": [{
                "key": "module",
                "value": "distribution"
              },
              {
                "key": "sender",
                "value": "terra1h5h5f42chy00pw28fye04zjrn86y5yhf44hsc6"
              },
              {
                "key": "action",
                "value": "set_withdraw_address"
              }
            ]
          },
          {
            "type": "set_withdraw_address",
            "attributes": [{
              "key": "withdraw_address",
              "value": "terra1vdsrv9zv0sga7044t8zujqdnpj9c84hdgz8lu9"
            }]
          }
        ]
      }],
      "gas_wanted": "100000",
      "gas_used": "27631",
      "tx": {
        "type": "core/StdTx",
        "value": {
          "msg": [{
            "type": "distribution/MsgModifyWithdrawAddress",
            "value": {
              "delegator_address": "terra1h5h5f42chy00pw28fye04zjrn86y5yhf44hsc6",
              "withdraw_address": "terra1vdsrv9zv0sga7044t8zujqdnpj9c84hdgz8lu9"
            }
          }],
          "fee": {
            "amount": [{
              "denom": "uluna",
              "amount": "5000"
            }],
            "gas": "100000"
          },
          "signatures": [{
            "pub_key": {
              "type": "tendermint/PubKeySecp256k1",
              "value": "A7mLBo8NNG3LaSYcmE27BtA4khzbDrGst4yOeg6vYfg2"
            },
            "signature": "tul/+vmxWqM1C02jzsVT4mbnjDi1IyeSQNkPdQBx0I0/DCTyIyrzB1SonynCGif/Arh/T5+kdphUgydZqUE82g=="
          }],
          "memo": ""
        }
      },
      "timestamp": "2020-02-05T07:29:58Z",
      "events": [{
          "type": "message",
          "attributes": [{
              "key": "module",
              "value": "distribution"
            },
            {
              "key": "sender",
              "value": "terra1h5h5f42chy00pw28fye04zjrn86y5yhf44hsc6"
            },
            {
              "key": "action",
              "value": "set_withdraw_address"
            }
          ]
        },
        {
          "type": "set_withdraw_address",
          "attributes": [{
            "key": "withdraw_address",
            "value": "terra1vdsrv9zv0sga7044t8zujqdnpj9c84hdgz8lu9"
          }]
        }
      ]
    },
    {
      "height": "706346",
      "txhash": "D14A8D575A67F95EB77624DA3C4D6CC159E01BD955E43165BE0D7B46CD7A8285",

      "logs": [{
        "msg_index": 0,
        "success": true,
        "log": "",
        "events": [{
            "type": "message",
            "attributes": [{
                "key": "module",
                "value": "distribution"
              },
              {
                "key": "sender",
                "value": "terra1506jnsnr62h2kxzv8s6srjafl0frqf7qepvpnp"
              },
              {
                "key": "action",
                "value": "set_withdraw_address"
              }
            ]
          },
          {
            "type": "set_withdraw_address",
            "attributes": [{
              "key": "withdraw_address",
              "value": "terra1vdsrv9zv0sga7044t8zujqdnpj9c84hdgz8lu9"
            }]
          }
        ]
      }],
      "gas_wanted": "100000",
      "gas_used": "27319",
      "tx": {
        "type": "core/StdTx",
        "value": {
          "msg": [{
            "type": "distribution/MsgModifyWithdrawAddress",
            "value": {
              "delegator_address": "terra1506jnsnr62h2kxzv8s6srjafl0frqf7qepvpnp",
              "withdraw_address": "terra1vdsrv9zv0sga7044t8zujqdnpj9c84hdgz8lu9"
            }
          }],
          "fee": {
            "amount": [{
              "denom": "uluna",
              "amount": "5000"
            }],
            "gas": "100000"
          },
          "signatures": [{
            "pub_key": {
              "type": "tendermint/PubKeySecp256k1",
              "value": "A72Rpu+Ny+iZnDhntavTbIQ+KjN3E4NszkplvWx0S+8D"
            },
            "signature": "4BQdMEWdu3rq/dnWVELOVgrgNTjlC8EnZLO06RXx2n4vzV5MxdZycvfVbmGxEj9KPrh8CEcYNgE09o9o+ED/kA=="
          }],
          "memo": ""
        }
      },
      "timestamp": "2020-02-05T07:31:17Z",
      "events": [{
          "type": "message",
          "attributes": [{
              "key": "module",
              "value": "distribution"
            },
            {
              "key": "sender",
              "value": "terra1506jnsnr62h2kxzv8s6srjafl0frqf7qepvpnp"
            },
            {
              "key": "action",
              "value": "set_withdraw_address"
            }
          ]
        },
        {
          "type": "set_withdraw_address",
          "attributes": [{
            "key": "withdraw_address",
            "value": "terra1vdsrv9zv0sga7044t8zujqdnpj9c84hdgz8lu9"
          }]
        }
      ]
    },
    {
      "height": "706351",
      "txhash": "D27B03D468B4EA38C38741427871A20F19E12B4EEE40CB4C5D029C3137722341",

      "logs": [{
        "msg_index": 0,
        "success": true,
        "log": "",
        "events": [{
            "type": "message",
            "attributes": [{
                "key": "module",
                "value": "distribution"
              },
              {
                "key": "sender",
                "value": "terra1tu6mzd38yx09r3yl8hjc44s8czsual0rklcmwt"
              },
              {
                "key": "action",
                "value": "set_withdraw_address"
              }
            ]
          },
          {
            "type": "set_withdraw_address",
            "attributes": [{
              "key": "withdraw_address",
              "value": "terra1vdsrv9zv0sga7044t8zujqdnpj9c84hdgz8lu9"
            }]
          }
        ]
      }],
      "gas_wanted": "100000",
      "gas_used": "27592",
      "tx": {
        "type": "core/StdTx",
        "value": {
          "msg": [{
            "type": "distribution/MsgModifyWithdrawAddress",
            "value": {
              "delegator_address": "terra1tu6mzd38yx09r3yl8hjc44s8czsual0rklcmwt",
              "withdraw_address": "terra1vdsrv9zv0sga7044t8zujqdnpj9c84hdgz8lu9"
            }
          }],
          "fee": {
            "amount": [{
              "denom": "uluna",
              "amount": "5000"
            }],
            "gas": "100000"
          },
          "signatures": [{
            "pub_key": {
              "type": "tendermint/PubKeySecp256k1",
              "value": "A20h+Nmpk6vpSy54g2saFCewVbrZj1xa233Gpmv4O9bu"
            },
            "signature": "OhECjSfM5M5s9GvBDUvgKqOVR70qXPktOopW7X1+1zExf3fToafSz6FYA9dKg/EKs73880MSHWzWXRGifUyl8A=="
          }],
          "memo": ""
        }
      },
      "timestamp": "2020-02-05T07:31:50Z",
      "events": [{
          "type": "message",
          "attributes": [{
              "key": "module",
              "value": "distribution"
            },
            {
              "key": "sender",
              "value": "terra1tu6mzd38yx09r3yl8hjc44s8czsual0rklcmwt"
            },
            {
              "key": "action",
              "value": "set_withdraw_address"
            }
          ]
        },
        {
          "type": "set_withdraw_address",
          "attributes": [{
            "key": "withdraw_address",
            "value": "terra1vdsrv9zv0sga7044t8zujqdnpj9c84hdgz8lu9"
          }]
        }
      ]
    },
    {
      "height": "706355",
      "txhash": "6718F1497C61AD49C987CEC1E14228D6AA61361A9DA07EB97806826D8A612211",

      "logs": [{
        "msg_index": 0,
        "success": true,
        "log": "",
        "events": [{
            "type": "message",
            "attributes": [{
                "key": "module",
                "value": "distribution"
              },
              {
                "key": "sender",
                "value": "terra1vgrxe7xcvmq4w2x24p7a0sz7ym4ncn9z98xe62"
              },
              {
                "key": "action",
                "value": "set_withdraw_address"
              }
            ]
          },
          {
            "type": "set_withdraw_address",
            "attributes": [{
              "key": "withdraw_address",
              "value": "terra1vdsrv9zv0sga7044t8zujqdnpj9c84hdgz8lu9"
            }]
          }
        ]
      }],
      "gas_wanted": "100000",
      "gas_used": "27475",
      "tx": {
        "type": "core/StdTx",
        "value": {
          "msg": [{
            "type": "distribution/MsgModifyWithdrawAddress",
            "value": {
              "delegator_address": "terra1vgrxe7xcvmq4w2x24p7a0sz7ym4ncn9z98xe62",
              "withdraw_address": "terra1vdsrv9zv0sga7044t8zujqdnpj9c84hdgz8lu9"
            }
          }],
          "fee": {
            "amount": [{
              "denom": "uluna",
              "amount": "5000"
            }],
            "gas": "100000"
          },
          "signatures": [{
            "pub_key": {
              "type": "tendermint/PubKeySecp256k1",
              "value": "AzB0fuUh8vJuIVpSkOAOor75nOWgtBZ6sQC6IBavSJom"
            },
            "signature": "6ScGye5y5HmWWRCS5bNIq9zq2i1BgO1zSu9MHxg5rTN1dHz7JCLlUwIkFWTrD6EXTRgRGrktG1lNm/eVbvGVUw=="
          }],
          "memo": ""
        }
      },
      "timestamp": "2020-02-05T07:32:17Z",
      "events": [{
          "type": "message",
          "attributes": [{
              "key": "module",
              "value": "distribution"
            },
            {
              "key": "sender",
              "value": "terra1vgrxe7xcvmq4w2x24p7a0sz7ym4ncn9z98xe62"
            },
            {
              "key": "action",
              "value": "set_withdraw_address"
            }
          ]
        },
        {
          "type": "set_withdraw_address",
          "attributes": [{
            "key": "withdraw_address",
            "value": "terra1vdsrv9zv0sga7044t8zujqdnpj9c84hdgz8lu9"
          }]
        }
      ]
    }
  ]
}