[{
    "delegator_address": "terra1pm343vmezzlygs2wrsta99rp43s6ldqpy3e6pq",
    "validator_address": "terravaloper1p54hc4yy2ajg67j645dn73w3378j6k05vmx9r9",
    "entries": [{
      "creation_height": "654141",
      "completion_time": "2020-02-22T07:51:44.588143405Z",
      "initial_balance": "513000000",
      "balance": "513000000"
    }]
  },
  {
    "delegator_address": "terra1y2nfxqz62qacqmnttl35xyq8xxssaty5hhuvln",
    "validator_address": "terravaloper1p54hc4yy2ajg67j645dn73w3378j6k05vmx9r9",
    "entries": [{
      "creation_height": "697631",
      "completion_time": "2020-02-25T15:29:31.029151543Z",
      "initial_balance": "1989797503",
      "balance": "1989797503"
    }]
  },
  {
    "delegator_address": "terra19nc2fe65ech6wxvthhyey7dka959ph0z3uzcd4",
    "validator_address": "terravaloper1p54hc4yy2ajg67j645dn73w3378j6k05vmx9r9",
    "entries": [{
      "creation_height": "666726",
      "completion_time": "2020-02-23T06:48:19.352817256Z",
      "initial_balance": "7223910681",
      "balance": "7223910681"
    }]
  },
  {
    "delegator_address": "terra186ym2wg09yxvneu4armqp4ceal8qake2d0lmal",
    "validator_address": "terravaloper1p54hc4yy2ajg67j645dn73w3378j6k05vmx9r9",
    "entries": [{
      "creation_height": "525651",
      "completion_time": "2020-02-12T13:40:11.261470508Z",
      "initial_balance": "149999999999",
      "balance": "149999999999"
    }]
  },
  {
    "delegator_address": "terra1gxp6nsnf3vlscseyaq4a72laq06d527x26sp9a",
    "validator_address": "terravaloper1p54hc4yy2ajg67j645dn73w3378j6k05vmx9r9",
    "entries": [{
      "creation_height": "525113",
      "completion_time": "2020-02-12T12:41:16.419429271Z",
      "initial_balance": "1157278356",
      "balance": "1157278356"
    }]
  },
  {
    "delegator_address": "terra12zhfxpwcpxq2sn6t0lv4yn465nzlhcuxh8gcaq",
    "validator_address": "terravaloper1p54hc4yy2ajg67j645dn73w3378j6k05vmx9r9",
    "entries": [{
      "creation_height": "677640",
      "completion_time": "2020-02-24T02:47:55.436396738Z",
      "initial_balance": "665000000000",
      "balance": "665000000000"
    }]
  },
  {
    "delegator_address": "terra1dwzf82lee8ww3vxxd3v5vdygsuagvne5tss6az",
    "validator_address": "terravaloper1p54hc4yy2ajg67j645dn73w3378j6k05vmx9r9",
    "entries": [{
      "creation_height": "678098",
      "completion_time": "2020-02-24T03:38:14.566561155Z",
      "initial_balance": "304300000000",
      "balance": "304300000000"
    }]
  },
  {
    "delegator_address": "terra10zpcjhzwv32mfyll9yr4xlj0fr2jz0lt37yppr",
    "validator_address": "terravaloper1p54hc4yy2ajg67j645dn73w3378j6k05vmx9r9",
    "entries": [{
      "creation_height": "610372",
      "completion_time": "2020-02-19T00:04:32.170430584Z",
      "initial_balance": "280646409",
      "balance": "280646409"
    }]
  },
  {
    "delegator_address": "terra1396z0lq2wdqllsgjtr5g5cxugext6hvag32aty",
    "validator_address": "terravaloper1p54hc4yy2ajg67j645dn73w3378j6k05vmx9r9",
    "entries": [{
      "creation_height": "644891",
      "completion_time": "2020-02-21T15:01:27.690471036Z",
      "initial_balance": "10001999998",
      "balance": "10001999998"
    }]
  },
  {
    "delegator_address": "terra1jklavkl3q7mkmxnwjfy2kl8zsf2596h55mkfgw",
    "validator_address": "terravaloper1p54hc4yy2ajg67j645dn73w3378j6k05vmx9r9",
    "entries": [{
      "creation_height": "703443",
      "completion_time": "2020-02-26T02:09:52.488520686Z",
      "initial_balance": "2236499999",
      "balance": "2236499999"
    }]
  },
  {
    "delegator_address": "terra1nrqjxjtnytwsuet863l9yh2w07z4sm5xxsnue4",
    "validator_address": "terravaloper1p54hc4yy2ajg67j645dn73w3378j6k05vmx9r9",
    "entries": [{
      "creation_height": "638493",
      "completion_time": "2020-02-21T03:20:29.646228752Z",
      "initial_balance": "66949999999",
      "balance": "66949999999"
    }]
  },
  {
    "delegator_address": "terra1nywja8qykzgcva579tyuarglyv9dc75y8cyw3f",
    "validator_address": "terravaloper1p54hc4yy2ajg67j645dn73w3378j6k05vmx9r9",
    "entries": [{
      "creation_height": "588230",
      "completion_time": "2020-02-17T07:41:45.552615588Z",
      "initial_balance": "13004052247",
      "balance": "13004052247"
    }]
  },
  {
    "delegator_address": "terra1nn2zkrnpl3mjjmay7v39mlw8sw8cw0gjpfnvwp",
    "validator_address": "terravaloper1p54hc4yy2ajg67j645dn73w3378j6k05vmx9r9",
    "entries": [{
      "creation_height": "440881",
      "completion_time": "2020-02-06T02:33:31.700939822Z",
      "initial_balance": "14119918430",
      "balance": "14119918430"
    }]
  },
  {
    "delegator_address": "terra14ss0rj0yt0784cdpjt9jjdnur6uqvktyn9grj3",
    "validator_address": "terravaloper1p54hc4yy2ajg67j645dn73w3378j6k05vmx9r9",
    "entries": [{
      "creation_height": "618277",
      "completion_time": "2020-02-19T14:29:13.700145654Z",
      "initial_balance": "13992999999",
      "balance": "13992999999"
    }]
  },
  {
    "delegator_address": "terra1mcgyqe0amn3x5vquf2pf9q9zpuknu7904jt5zr",
    "validator_address": "terravaloper1p54hc4yy2ajg67j645dn73w3378j6k05vmx9r9",
    "entries": [{
      "creation_height": "623351",
      "completion_time": "2020-02-19T23:42:56.021990965Z",
      "initial_balance": "16615000000",
      "balance": "16615000000"
    }]
  },
  {
    "delegator_address": "terra1a9njz6dt4d79xtvau6696ffjetde74kave6vma",
    "validator_address": "terravaloper1p54hc4yy2ajg67j645dn73w3378j6k05vmx9r9",
    "entries": [{
      "creation_height": "653201",
      "completion_time": "2020-02-22T06:08:43.801110462Z",
      "initial_balance": "20840971000",
      "balance": "20840971000"
    }]
  },
  {
    "delegator_address": "terra1awjkcd3nyqp7wy9x3sffvkl6xesurhrhjvak4e",
    "validator_address": "terravaloper1p54hc4yy2ajg67j645dn73w3378j6k05vmx9r9",
    "entries": [{
      "creation_height": "705495",
      "completion_time": "2020-02-26T05:56:51.232242548Z",
      "initial_balance": "11552960000",
      "balance": "11552960000"
    }]
  },
  {
    "delegator_address": "terra17l9ssdnh0amp8h76pf9qv8qh46p55dsfcex2d4",
    "validator_address": "terravaloper1p54hc4yy2ajg67j645dn73w3378j6k05vmx9r9",
    "entries": [{
      "creation_height": "506819",
      "completion_time": "2020-02-11T03:20:08.649853985Z",
      "initial_balance": "50000000",
      "balance": "50000000"
    }]
  },
  {
    "delegator_address": "terra1qdh2jaxgjx2cafd6t2latl8mx656sayufrpz3n",
    "validator_address": "terravaloper15zcjduavxc5mkp8qcqs9eyhwlqwdlrzy6jln3m",
    "entries": [{
      "creation_height": "711876",
      "completion_time": "2020-02-26T17:48:34.962923533Z",
      "initial_balance": "3298000000",
      "balance": "3298000000"
    }]
  },
  {
    "delegator_address": "terra1p0l6mn53hv2pjurxaljsdkht79fx8fj4nzxzxv",
    "validator_address": "terravaloper15zcjduavxc5mkp8qcqs9eyhwlqwdlrzy6jln3m",
    "entries": [{
      "creation_height": "612228",
      "completion_time": "2020-02-19T03:27:28.043402752Z",
      "initial_balance": "148999999998",
      "balance": "148999999998"
    }]
  },
  {
    "delegator_address": "terra1phce3fl0awwupa8xx7tzz503ek7qkvlylhdlsu",
    "validator_address": "terravaloper15zcjduavxc5mkp8qcqs9eyhwlqwdlrzy6jln3m",
    "entries": [{
      "creation_height": "707180",
      "completion_time": "2020-02-26T09:03:53.526246695Z",
      "initial_balance": "120841500000",
      "balance": "120841500000"
    }]
  },
  {
    "delegator_address": "terra1y9fm7lt8h6pzz554p232txf58kxf57t869n9t8",
    "validator_address": "terravaloper15zcjduavxc5mkp8qcqs9eyhwlqwdlrzy6jln3m",
    "entries": [{
        "creation_height": "627654",
        "completion_time": "2020-02-20T07:34:03.548971774Z",
        "initial_balance": "50000000000",
        "balance": "50000000000"
      },
      {
        "creation_height": "705222",
        "completion_time": "2020-02-26T05:26:38.162371293Z",
        "initial_balance": "50000000000",
        "balance": "50000000000"
      }
    ]
  },
  {
    "delegator_address": "terra1x0ur6k428f6ssjht2ukl84nu6urj847zxz23fa",
    "validator_address": "terravaloper15zcjduavxc5mkp8qcqs9eyhwlqwdlrzy6jln3m",
    "entries": [{
      "creation_height": "631181",
      "completion_time": "2020-02-20T14:00:46.972524298Z",
      "initial_balance": "502231471",
      "balance": "502231471"
    }]
  },
  {
    "delegator_address": "terra18nmvxp6wdnehpgykf9tydu8ta5ja7h6dnduy26",
    "validator_address": "terravaloper15zcjduavxc5mkp8qcqs9eyhwlqwdlrzy6jln3m",
    "entries": [{
      "creation_height": "678275",
      "completion_time": "2020-02-24T03:57:39.032204406Z",
      "initial_balance": "8793619348",
      "balance": "8793619348"
    }]
  },
  {
    "delegator_address": "terra1gwsn3fwxf0qwmpda7ujjdzsxj5a446rgwwntl3",
    "validator_address": "terravaloper15zcjduavxc5mkp8qcqs9eyhwlqwdlrzy6jln3m",
    "entries": [{
        "creation_height": "679756",
        "completion_time": "2020-02-24T06:40:32.738424444Z",
        "initial_balance": "7100000000",
        "balance": "7100000000"
      },
      {
        "creation_height": "692162",
        "completion_time": "2020-02-25T05:26:49.928453228Z",
        "initial_balance": "7100000000",
        "balance": "7100000000"
      },
      {
        "creation_height": "706210",
        "completion_time": "2020-02-26T07:16:11.89715958Z",
        "initial_balance": "7100000000",
        "balance": "7100000000"
      }
    ]
  },
  {
    "delegator_address": "terra1tade8upa07knrt9ekm30nve64945ufm720h8yx",
    "validator_address": "terravaloper15zcjduavxc5mkp8qcqs9eyhwlqwdlrzy6jln3m",
    "entries": [{
      "creation_height": "460747",
      "completion_time": "2020-02-07T15:11:34.063216417Z",
      "initial_balance": "253324243",
      "balance": "253324243"
    }]
  },
  {
    "delegator_address": "terra1396z0lq2wdqllsgjtr5g5cxugext6hvag32aty",
    "validator_address": "terravaloper15zcjduavxc5mkp8qcqs9eyhwlqwdlrzy6jln3m",
    "entries": [{
      "creation_height": "644903",
      "completion_time": "2020-02-21T15:02:46.010103823Z",
      "initial_balance": "17520000000",
      "balance": "17520000000"
    }]
  },
  {
    "delegator_address": "terra13wypeqx6a04g5sh0l23qnmz2mll0tnjc3a3ds0",
    "validator_address": "terravaloper15zcjduavxc5mkp8qcqs9eyhwlqwdlrzy6jln3m",
    "entries": [{
      "creation_height": "666265",
      "completion_time": "2020-02-23T05:57:39.528010756Z",
      "initial_balance": "10027705747",
      "balance": "10027705747"
    }]
  },
  {
    "delegator_address": "terra1j3wp888ldups4fjk2s2allne2yh5lwf7et9es0",
    "validator_address": "terravaloper15zcjduavxc5mkp8qcqs9eyhwlqwdlrzy6jln3m",
    "entries": [{
      "creation_height": "584495",
      "completion_time": "2020-02-17T00:52:29.8037687Z",
      "initial_balance": "1680000000",
      "balance": "1680000000"
    }]
  },
  {
    "delegator_address": "terra15av7nrj3n83f6kvss2xdhcemsf7gcdh9jnuz20",
    "validator_address": "terravaloper15zcjduavxc5mkp8qcqs9eyhwlqwdlrzy6jln3m",
    "entries": [{
      "creation_height": "619311",
      "completion_time": "2020-02-19T16:22:28.690186599Z",
      "initial_balance": "10039000000",
      "balance": "10039000000"
    }]
  },
  {
    "delegator_address": "terra1kfmsrfup8dzl6vlxsfn3v0g6mcx496rndtaa6a",
    "validator_address": "terravaloper15zcjduavxc5mkp8qcqs9eyhwlqwdlrzy6jln3m",
    "entries": [{
        "creation_height": "678304",
        "completion_time": "2020-02-24T04:00:50.274454554Z",
        "initial_balance": "30000000000",
        "balance": "30000000000"
      },
      {
        "creation_height": "690501",
        "completion_time": "2020-02-25T02:24:16.977002612Z",
        "initial_balance": "30000000000",
        "balance": "30000000000"
      },
      {
        "creation_height": "705863",
        "completion_time": "2020-02-26T06:37:41.364929374Z",
        "initial_balance": "30000000000",
        "balance": "30000000000"
      }
    ]
  },
  {
    "delegator_address": "terra1hxutcl8nlhkze3leu4tkqpz6qm4qcyenhkjk8r",
    "validator_address": "terravaloper15zcjduavxc5mkp8qcqs9eyhwlqwdlrzy6jln3m",
    "entries": [{
      "creation_height": "645597",
      "completion_time": "2020-02-21T16:18:46.742640918Z",
      "initial_balance": "109635801786",
      "balance": "109635801786"
    }]
  },
  {
    "delegator_address": "terra1c2aqpxs9k2h53z34vgzn9wwdeuz6ldj467fs58",
    "validator_address": "terravaloper15zcjduavxc5mkp8qcqs9eyhwlqwdlrzy6jln3m",
    "entries": [{
      "creation_height": "706259",
      "completion_time": "2020-02-26T07:21:39.1885656Z",
      "initial_balance": "91705650",
      "balance": "91705650"
    }]
  },
  {
    "delegator_address": "terra1cwxlwd5lmw5vf6yqpfyw90qqn0x52q8lgcfxpj",
    "validator_address": "terravaloper15zcjduavxc5mkp8qcqs9eyhwlqwdlrzy6jln3m",
    "entries": [{
      "creation_height": "513902",
      "completion_time": "2020-02-11T16:16:10.755958676Z",
      "initial_balance": "1540026226",
      "balance": "1540026226"
    }]
  },
  {
    "delegator_address": "terra1e0cnvq2m3t2n7hqrtmadheen2hjvjglght8e0u",
    "validator_address": "terravaloper15zcjduavxc5mkp8qcqs9eyhwlqwdlrzy6jln3m",
    "entries": [{
        "creation_height": "460517",
        "completion_time": "2020-02-07T14:46:24.464085333Z",
        "initial_balance": "130000000000",
        "balance": "130000000000"
      },
      {
        "creation_height": "694269",
        "completion_time": "2020-02-25T09:18:55.108956417Z",
        "initial_balance": "50000000000",
        "balance": "50000000000"
      }
    ]
  },
  {
    "delegator_address": "terra1e5ncelsh4qhqt3s97vn43hxlhmt7zd43yszdnf",
    "validator_address": "terravaloper15zcjduavxc5mkp8qcqs9eyhwlqwdlrzy6jln3m",
    "entries": [{
      "creation_height": "479400",
      "completion_time": "2020-02-09T01:13:33.188764495Z",
      "initial_balance": "75723122455",
      "balance": "75723122455"
    }]
  },
  {
    "delegator_address": "terra1mcgyqe0amn3x5vquf2pf9q9zpuknu7904jt5zr",
    "validator_address": "terravaloper15zcjduavxc5mkp8qcqs9eyhwlqwdlrzy6jln3m",
    "entries": [{
      "creation_height": "623345",
      "completion_time": "2020-02-19T23:42:16.364403143Z",
      "initial_balance": "10000000000",
      "balance": "10000000000"
    }]
  },
  {
    "delegator_address": "terra1a9njz6dt4d79xtvau6696ffjetde74kave6vma",
    "validator_address": "terravaloper15zcjduavxc5mkp8qcqs9eyhwlqwdlrzy6jln3m",
    "entries": [{
      "creation_height": "653196",
      "completion_time": "2020-02-22T06:08:11.482959217Z",
      "initial_balance": "2923070000",
      "balance": "2923070000"
    }]
  },
  {
    "delegator_address": "terra17fqhjf4xzn03ygdjaf8m7zmdeug09ttpexeuyv",
    "validator_address": "terravaloper15zcjduavxc5mkp8qcqs9eyhwlqwdlrzy6jln3m",
    "entries": [{
      "creation_height": "584147",
      "completion_time": "2020-02-17T00:14:27.681878913Z",
      "initial_balance": "32428000000",
      "balance": "32428000000"
    }]
  },
  {
    "delegator_address": "terra1lsjc8870ky0f0s6qh2h6emk67fv4kfzsn2whnh",
    "validator_address": "terravaloper15zcjduavxc5mkp8qcqs9eyhwlqwdlrzy6jln3m",
    "entries": [{
      "creation_height": "710404",
      "completion_time": "2020-02-26T15:04:01.294405733Z",
      "initial_balance": "50000000000",
      "balance": "50000000000"
    }]
  }
]