[{
        "type": "msgauth/MsgGrantAuthorization",
        "value": {
            "granter": "terra1nty4ku4a79zj45jl0fy5rrjun07ny0nrve7j99",
            "grantee": "terra1qfqa2eu9wp272ha93lj4yhcenrc6ymng079nu8",
            "grant": {
                "authorization": {
                    "type": "msgauth/SendAuthorization",
                    "value": {
                        "spend_limit": [{
                            "denom": "ukrw",
                            "amount": "1000000"
                        }]
                    }
                },
                "expiration": "2022-06-29T08:18:15Z"
            }
        }
    },
    {
        "type": "msgauth/MsgGrantAuthorization",
        "value": {
            "granter": "terra1nty4ku4a79zj45jl0fy5rrjun07ny0nrve7j99",
            "grantee": "terra1qfqa2eu9wp272ha93lj4yhcenrc6ymng079nu8",
            "grant": {
                "authorization": {
                    "type": "msgauth/GenericAuthorization",
                    "value": {
                        "msg": "/cosmos.bank.v1beta1.MsgSend"
                    }
                },
                "expiration": "2022-06-29T08:18:15Z"
            }
        }
    }
]