[
  {
    "type": "core/Account",
    "value": {
      "address": "terra1h0d5kq5p64jcyqysvja3h2gysxnfudk9h73fnn",
      "public_key": {
        "type": "tendermint/PubKeySecp256k1",
        "value": "Av0uQ9R72aq0dgu1H+F1+1p2daQLl0JsWhwkA07ftTq/"
      },
      "account_number": "572696",
      "sequence": "251409"
    }
  },
  {
    "type": "core/Account",
    "value": {
      "address": "terra1fex9f78reuwhfsnc8sun6mz8rl9zwqh03fhwf3",
      "public_key": {
        "type": "tendermint/PubKeySecp256k1",
        "value": "AxYEJ7m2BMIzrugTG5Rl8Pz2RNU6eGfnsn2TfMXWEruf"
      },
      "account_number": "238665",
      "sequence": "1650113"
    }
  },
  {
    "type": "core/Account",
    "value": {
      "address": "terra12fm3tql2uu0gheuj3st9cwz7ml97tq9mla88c2",
      "public_key": {
        "type": "tendermint/PubKeySecp256k1",
        "value": "AvBeqhogW0wd7OtF8M8hJ/P1A/IBY1+uNvBO/tbVlfq2"
      },
      "account_number": "251248",
      "sequence": "58"
    }
  },
  {
    "type": "core/Account",
    "value": {
      "address": "terra1kcc65k0ru6qq946ztqljxd67d5wltqstln5d5k",
      "public_key": {
        "type": "tendermint/PubKeySecp256k1",
        "value": "AsPdLO1QwuajkAP/MlVe17WwTimT7gUAE2iXDjaScrxH"
      },
      "account_number": "987828",
      "sequence": "28"
    }
  },
  {
    "type": "core/Account",
    "value": {
      "address": "terra1ax7xtll5v6u6vdnymxa4k4648w80zhkggl0u24",
      "public_key": {
        "type": "tendermint/PubKeySecp256k1",
        "value": "A/vzuSK9wCAvmFXorv/KTbUFsF9Av5r9XuplqF+4OLfR"
      },
      "account_number": "712869",
      "sequence": "65"
    }
  }
]
