[
  {
    "type": "core/LazyGradedVestingAccount",
    "value": {
      "base_vesting_account": {
        "base_account": {
          "address": "terra1upg95nlwkfkrq4hhjrn3k9s6ud0aqx36gwnlsn",
          "public_key": null,
          "account_number": "684082",
          "sequence": "0"
        },
        "original_vesting": [
          {
            "denom": "uluna",
            "amount": "5000000000000"
          }
        ],
        "delegated_free": [],
        "delegated_vesting": [
          {
            "denom": "uluna",
            "amount": "1338029091449"
          }
        ],
        "end_time": "0"
      },
      "vesting_schedules": [
        {
          "denom": "uluna",
          "schedules": [
            {
              "start_time": "1558677600",
              "end_time": "1561356000",
              "ratio": "0.100000000000000000"
            },
            {
              "start_time": "1561356000",
              "end_time": "1587708000",
              "ratio": "0.270000000000000000"
            },
            {
              "start_time": "1587708000",
              "end_time": "1600927200",
              "ratio": "0.480000000000000000"
            },
            {
              "start_time": "1600927200",
              "end_time": "1603519200",
              "ratio": "0.150000000000000000"
            }
          ]
        }
      ]
    }
  }
]
