{
    "total_count": "5",
    "count": "5",
    "page_number": "1",
    "page_total": "1",
    "limit": "30",
    "txs": [
      {
        "height": "4101605",
        "txhash": "A72792549624041774192457B126BDE63EF9D72012FB6F9605D8C6DF1F0DD829",
        "data": "0A3B0A2A2F636F736D6F732E7374616B696E672E763162657461312E4D7367426567696E526564656C6567617465120D0A0B088092B8C398FEFFFFFF01",
        "raw_log": "[{\"events\":[{\"type\":\"coin_received\",\"attributes\":[{\"key\":\"receiver\",\"value\":\"terra1guxk2q4wn92fw0mchx2rhsenjvq0hj9pzwrwcc\"},{\"key\":\"amount\",\"value\":\"1699779ukrw,88754uluna,2232uusd\"},{\"key\":\"receiver\",\"value\":\"terra1fl48vsnmsdzcv85q5d2q4z5ajdha8yu3nln0mh\"},{\"key\":\"amount\",\"value\":\"9399999999uluna\"}]},{\"type\":\"coin_spent\",\"attributes\":[{\"key\":\"spender\",\"value\":\"terra1jv65s3grqf6v6jl3dp4t6c9t9rk99cd8pm7utl\"},{\"key\":\"amount\",\"value\":\"1699779ukrw,88754uluna,2232uusd\"},{\"key\":\"spender\",\"value\":\"terra1tygms3xhhs3yv487phx3dw4a95jn7t7l8l07dr\"},{\"key\":\"amount\",\"value\":\"9399999999uluna\"}]},{\"type\":\"message\",\"attributes\":[{\"key\":\"action\",\"value\":\"/cosmos.staking.v1beta1.MsgBeginRedelegate\"},{\"key\":\"sender\",\"value\":\"terra1jv65s3grqf6v6jl3dp4t6c9t9rk99cd8pm7utl\"},{\"key\":\"sender\",\"value\":\"terra1tygms3xhhs3yv487phx3dw4a95jn7t7l8l07dr\"},{\"key\":\"module\",\"value\":\"staking\"},{\"key\":\"sender\",\"value\":\"terra1guxk2q4wn92fw0mchx2rhsenjvq0hj9pzwrwcc\"}]},{\"type\":\"redelegate\",\"attributes\":[{\"key\":\"source_validator\",\"value\":\"terravaloper1guxk2q4wn92fw0mchx2rhsenjvq0hj9pzp0ngt\"},{\"key\":\"destination_validator\",\"value\":\"terravaloper1fa2gmum9kl9ms73hnrhvg0rkk0s9jvqxpunyr3\"},{\"key\":\"amount\",\"value\":\"9400000000\"},{\"key\":\"completion_time\",\"value\":\"0001-01-01T00:00:00Z\"}]},{\"type\":\"transfer\",\"attributes\":[{\"key\":\"recipient\",\"value\":\"terra1guxk2q4wn92fw0mchx2rhsenjvq0hj9pzwrwcc\"},{\"key\":\"sender\",\"value\":\"terra1jv65s3grqf6v6jl3dp4t6c9t9rk99cd8pm7utl\"},{\"key\":\"amount\",\"value\":\"1699779ukrw,88754uluna,2232uusd\"},{\"key\":\"recipient\",\"value\":\"terra1fl48vsnmsdzcv85q5d2q4z5ajdha8yu3nln0mh\"},{\"key\":\"sender\",\"value\":\"terra1tygms3xhhs3yv487phx3dw4a95jn7t7l8l07dr\"},{\"key\":\"amount\",\"value\":\"9399999999uluna\"}]}]}]",
        "logs": [
          {
            "events": [
              {
                "type": "coin_received",
                "attributes": [
                  {
                    "key": "receiver",
                    "value": "terra1guxk2q4wn92fw0mchx2rhsenjvq0hj9pzwrwcc"
                  },
                  {
                    "key": "amount",
                    "value": "1699779ukrw,88754uluna,2232uusd"
                  },
                  {
                    "key": "receiver",
                    "value": "terra1fl48vsnmsdzcv85q5d2q4z5ajdha8yu3nln0mh"
                  },
                  {
                    "key": "amount",
                    "value": "9399999999uluna"
                  }
                ]
              },
              {
                "type": "coin_spent",
                "attributes": [
                  {
                    "key": "spender",
                    "value": "terra1jv65s3grqf6v6jl3dp4t6c9t9rk99cd8pm7utl"
                  },
                  {
                    "key": "amount",
                    "value": "1699779ukrw,88754uluna,2232uusd"
                  },
                  {
                    "key": "spender",
                    "value": "terra1tygms3xhhs3yv487phx3dw4a95jn7t7l8l07dr"
                  },
                  {
                    "key": "amount",
                    "value": "9399999999uluna"
                  }
                ]
              },
              {
                "type": "message",
                "attributes": [
                  {
                    "key": "action",
                    "value": "/cosmos.staking.v1beta1.MsgBeginRedelegate"
                  },
                  {
                    "key": "sender",
                    "value": "terra1jv65s3grqf6v6jl3dp4t6c9t9rk99cd8pm7utl"
                  },
                  {
                    "key": "sender",
                    "value": "terra1tygms3xhhs3yv487phx3dw4a95jn7t7l8l07dr"
                  },
                  {
                    "key": "module",
                    "value": "staking"
                  },
                  {
                    "key": "sender",
                    "value": "terra1guxk2q4wn92fw0mchx2rhsenjvq0hj9pzwrwcc"
                  }
                ]
              },
              {
                "type": "redelegate",
                "attributes": [
                  {
                    "key": "source_validator",
                    "value": "terravaloper1guxk2q4wn92fw0mchx2rhsenjvq0hj9pzp0ngt"
                  },
                  {
                    "key": "destination_validator",
                    "value": "terravaloper1fa2gmum9kl9ms73hnrhvg0rkk0s9jvqxpunyr3"
                  },
                  {
                    "key": "amount",
                    "value": "9400000000"
                  },
                  {
                    "key": "completion_time",
                    "value": "0001-01-01T00:00:00Z"
                  }
                ]
              },
              {
                "type": "transfer",
                "attributes": [
                  {
                    "key": "recipient",
                    "value": "terra1guxk2q4wn92fw0mchx2rhsenjvq0hj9pzwrwcc"
                  },
                  {
                    "key": "sender",
                    "value": "terra1jv65s3grqf6v6jl3dp4t6c9t9rk99cd8pm7utl"
                  },
                  {
                    "key": "amount",
                    "value": "1699779ukrw,88754uluna,2232uusd"
                  },
                  {
                    "key": "recipient",
                    "value": "terra1fl48vsnmsdzcv85q5d2q4z5ajdha8yu3nln0mh"
                  },
                  {
                    "key": "sender",
                    "value": "terra1tygms3xhhs3yv487phx3dw4a95jn7t7l8l07dr"
                  },
                  {
                    "key": "amount",
                    "value": "9399999999uluna"
                  }
                ]
              }
            ]
          }
        ],
        "gas_wanted": "350000",
        "gas_used": "277650",
        "tx": {
          "type": "core/StdTx",
          "value": {
            "msg": [
              {
                "type": "staking/MsgBeginRedelegate",
                "value": {
                  "delegator_address": "terra1guxk2q4wn92fw0mchx2rhsenjvq0hj9pzwrwcc",
                  "validator_src_address": "terravaloper1guxk2q4wn92fw0mchx2rhsenjvq0hj9pzp0ngt",
                  "validator_dst_address": "terravaloper1fa2gmum9kl9ms73hnrhvg0rkk0s9jvqxpunyr3",
                  "amount": {
                    "denom": "uluna",
                    "amount": "9400000000"
                  }
                }
              }
            ],
            "fee": {
              "amount": [
                {
                  "denom": "ukrw",
                  "amount": "78610000"
                }
              ],
              "gas": "350000"
            },
            "signatures": [],
            "memo": "",
            "timeout_height": "0"
          }
        },
        "timestamp": "2021-06-04T10:00:17Z"
      },
      {
        "height": "4288713",
        "txhash": "AFDC0421EF35C07A7A6E9379CC9C8A3AFBD0E99DBFE967A271DCD1A490E1C85A",
        "data": "0A3C0A2A2F636F736D6F732E7374616B696E672E763162657461312E4D7367426567696E526564656C6567617465120E0A0C08E38BAC860610F083EC9903",
        "raw_log": "[{\"events\":[{\"type\":\"coin_received\",\"attributes\":[{\"key\":\"receiver\",\"value\":\"terra1x46rqay4d3cssq8gxxvqz8xt6nwlz4td20k38v\"},{\"key\":\"amount\",\"value\":\"19610uluna,4uusd\"}]},{\"type\":\"coin_spent\",\"attributes\":[{\"key\":\"spender\",\"value\":\"terra1jv65s3grqf6v6jl3dp4t6c9t9rk99cd8pm7utl\"},{\"key\":\"amount\",\"value\":\"19610uluna,4uusd\"}]},{\"type\":\"message\",\"attributes\":[{\"key\":\"action\",\"value\":\"/cosmos.staking.v1beta1.MsgBeginRedelegate\"},{\"key\":\"sender\",\"value\":\"terra1jv65s3grqf6v6jl3dp4t6c9t9rk99cd8pm7utl\"},{\"key\":\"module\",\"value\":\"staking\"},{\"key\":\"sender\",\"value\":\"terra1x46rqay4d3cssq8gxxvqz8xt6nwlz4td20k38v\"}]},{\"type\":\"redelegate\",\"attributes\":[{\"key\":\"source_validator\",\"value\":\"terravaloper14un92kpq0pvflyjd8sxmrsswglhn8mf5hkruc2\"},{\"key\":\"destination_validator\",\"value\":\"terravaloper18t8mtyvxlxf2gjh4x5r06gjfg0nk6gqs974uxh\"},{\"key\":\"amount\",\"value\":\"12000000\"},{\"key\":\"completion_time\",\"value\":\"2021-06-17T08:20:51Z\"}]},{\"type\":\"transfer\",\"attributes\":[{\"key\":\"recipient\",\"value\":\"terra1x46rqay4d3cssq8gxxvqz8xt6nwlz4td20k38v\"},{\"key\":\"sender\",\"value\":\"terra1jv65s3grqf6v6jl3dp4t6c9t9rk99cd8pm7utl\"},{\"key\":\"amount\",\"value\":\"19610uluna,4uusd\"}]}]}]",
        "logs": [
          {
            "events": [
              {
                "type": "coin_received",
                "attributes": [
                  {
                    "key": "receiver",
                    "value": "terra1x46rqay4d3cssq8gxxvqz8xt6nwlz4td20k38v"
                  },
                  {
                    "key": "amount",
                    "value": "19610uluna,4uusd"
                  }
                ]
              },
              {
                "type": "coin_spent",
                "attributes": [
                  {
                    "key": "spender",
                    "value": "terra1jv65s3grqf6v6jl3dp4t6c9t9rk99cd8pm7utl"
                  },
                  {
                    "key": "amount",
                    "value": "19610uluna,4uusd"
                  }
                ]
              },
              {
                "type": "message",
                "attributes": [
                  {
                    "key": "action",
                    "value": "/cosmos.staking.v1beta1.MsgBeginRedelegate"
                  },
                  {
                    "key": "sender",
                    "value": "terra1jv65s3grqf6v6jl3dp4t6c9t9rk99cd8pm7utl"
                  },
                  {
                    "key": "module",
                    "value": "staking"
                  },
                  {
                    "key": "sender",
                    "value": "terra1x46rqay4d3cssq8gxxvqz8xt6nwlz4td20k38v"
                  }
                ]
              },
              {
                "type": "redelegate",
                "attributes": [
                  {
                    "key": "source_validator",
                    "value": "terravaloper14un92kpq0pvflyjd8sxmrsswglhn8mf5hkruc2"
                  },
                  {
                    "key": "destination_validator",
                    "value": "terravaloper18t8mtyvxlxf2gjh4x5r06gjfg0nk6gqs974uxh"
                  },
                  {
                    "key": "amount",
                    "value": "12000000"
                  },
                  {
                    "key": "completion_time",
                    "value": "2021-06-17T08:20:51Z"
                  }
                ]
              },
              {
                "type": "transfer",
                "attributes": [
                  {
                    "key": "recipient",
                    "value": "terra1x46rqay4d3cssq8gxxvqz8xt6nwlz4td20k38v"
                  },
                  {
                    "key": "sender",
                    "value": "terra1jv65s3grqf6v6jl3dp4t6c9t9rk99cd8pm7utl"
                  },
                  {
                    "key": "amount",
                    "value": "19610uluna,4uusd"
                  }
                ]
              }
            ]
          }
        ],
        "gas_wanted": "613753",
        "gas_used": "360341",
        "tx": {
          "type": "core/StdTx",
          "value": {
            "msg": [
              {
                "type": "staking/MsgBeginRedelegate",
                "value": {
                  "delegator_address": "terra1x46rqay4d3cssq8gxxvqz8xt6nwlz4td20k38v",
                  "validator_src_address": "terravaloper14un92kpq0pvflyjd8sxmrsswglhn8mf5hkruc2",
                  "validator_dst_address": "terravaloper18t8mtyvxlxf2gjh4x5r06gjfg0nk6gqs974uxh",
                  "amount": {
                    "denom": "uluna",
                    "amount": "12000000"
                  }
                }
              }
            ],
            "fee": {
              "amount": [
                {
                  "denom": "uluna",
                  "amount": "92063"
                }
              ],
              "gas": "613753"
            },
            "signatures": [
              {
                "pub_key": {
                  "type": "tendermint/PubKeySecp256k1",
                  "value": "AjszqFJDRAYbEjZMuiD+ChqzbUSGq/RRu3zr0R6iJB5b"
                },
                "signature": "AMzwLydZM7UnswXF+KUzQeN/wH5RG252+WDfhKjg9VQl4Iu0e98hfOBd4fs4oifQT2MWUupCw3Qb4TY9MsRsWw=="
              }
            ],
            "memo": "",
            "timeout_height": "0"
          }
        },
        "timestamp": "2021-06-16T08:20:51Z"
      },
      {
        "height": "4288750",
        "txhash": "297F3C6B90B4E9FAE0357B60A9262D1BFDDBEC207F1D5239037E375356172DE3",
        "data": "0A3C0A2A2F636F736D6F732E7374616B696E672E763162657461312E4D7367426567696E526564656C6567617465120E0A0C08AF8DAC8606109B94DDCE01",
        "raw_log": "[{\"events\":[{\"type\":\"coin_received\",\"attributes\":[{\"key\":\"receiver\",\"value\":\"terra1x46rqay4d3cssq8gxxvqz8xt6nwlz4td20k38v\"},{\"key\":\"amount\",\"value\":\"555uluna\"},{\"key\":\"receiver\",\"value\":\"terra1x46rqay4d3cssq8gxxvqz8xt6nwlz4td20k38v\"},{\"key\":\"amount\",\"value\":\"66uluna\"}]},{\"type\":\"coin_spent\",\"attributes\":[{\"key\":\"spender\",\"value\":\"terra1jv65s3grqf6v6jl3dp4t6c9t9rk99cd8pm7utl\"},{\"key\":\"amount\",\"value\":\"555uluna\"},{\"key\":\"spender\",\"value\":\"terra1jv65s3grqf6v6jl3dp4t6c9t9rk99cd8pm7utl\"},{\"key\":\"amount\",\"value\":\"66uluna\"}]},{\"type\":\"message\",\"attributes\":[{\"key\":\"action\",\"value\":\"/cosmos.staking.v1beta1.MsgBeginRedelegate\"},{\"key\":\"sender\",\"value\":\"terra1jv65s3grqf6v6jl3dp4t6c9t9rk99cd8pm7utl\"},{\"key\":\"sender\",\"value\":\"terra1jv65s3grqf6v6jl3dp4t6c9t9rk99cd8pm7utl\"},{\"key\":\"module\",\"value\":\"staking\"},{\"key\":\"sender\",\"value\":\"terra1x46rqay4d3cssq8gxxvqz8xt6nwlz4td20k38v\"}]},{\"type\":\"redelegate\",\"attributes\":[{\"key\":\"source_validator\",\"value\":\"terravaloper14un92kpq0pvflyjd8sxmrsswglhn8mf5hkruc2\"},{\"key\":\"destination_validator\",\"value\":\"terravaloper18t8mtyvxlxf2gjh4x5r06gjfg0nk6gqs974uxh\"},{\"key\":\"amount\",\"value\":\"11000000\"},{\"key\":\"completion_time\",\"value\":\"2021-06-17T08:24:15Z\"}]},{\"type\":\"transfer\",\"attributes\":[{\"key\":\"recipient\",\"value\":\"terra1x46rqay4d3cssq8gxxvqz8xt6nwlz4td20k38v\"},{\"key\":\"sender\",\"value\":\"terra1jv65s3grqf6v6jl3dp4t6c9t9rk99cd8pm7utl\"},{\"key\":\"amount\",\"value\":\"555uluna\"},{\"key\":\"recipient\",\"value\":\"terra1x46rqay4d3cssq8gxxvqz8xt6nwlz4td20k38v\"},{\"key\":\"sender\",\"value\":\"terra1jv65s3grqf6v6jl3dp4t6c9t9rk99cd8pm7utl\"},{\"key\":\"amount\",\"value\":\"66uluna\"}]}]}]",
        "logs": [
          {
            "events": [
              {
                "type": "coin_received",
                "attributes": [
                  {
                    "key": "receiver",
                    "value": "terra1x46rqay4d3cssq8gxxvqz8xt6nwlz4td20k38v"
                  },
                  {
                    "key": "amount",
                    "value": "555uluna"
                  },
                  {
                    "key": "receiver",
                    "value": "terra1x46rqay4d3cssq8gxxvqz8xt6nwlz4td20k38v"
                  },
                  {
                    "key": "amount",
                    "value": "66uluna"
                  }
                ]
              },
              {
                "type": "coin_spent",
                "attributes": [
                  {
                    "key": "spender",
                    "value": "terra1jv65s3grqf6v6jl3dp4t6c9t9rk99cd8pm7utl"
                  },
                  {
                    "key": "amount",
                    "value": "555uluna"
                  },
                  {
                    "key": "spender",
                    "value": "terra1jv65s3grqf6v6jl3dp4t6c9t9rk99cd8pm7utl"
                  },
                  {
                    "key": "amount",
                    "value": "66uluna"
                  }
                ]
              },
              {
                "type": "message",
                "attributes": [
                  {
                    "key": "action",
                    "value": "/cosmos.staking.v1beta1.MsgBeginRedelegate"
                  },
                  {
                    "key": "sender",
                    "value": "terra1jv65s3grqf6v6jl3dp4t6c9t9rk99cd8pm7utl"
                  },
                  {
                    "key": "sender",
                    "value": "terra1jv65s3grqf6v6jl3dp4t6c9t9rk99cd8pm7utl"
                  },
                  {
                    "key": "module",
                    "value": "staking"
                  },
                  {
                    "key": "sender",
                    "value": "terra1x46rqay4d3cssq8gxxvqz8xt6nwlz4td20k38v"
                  }
                ]
              },
              {
                "type": "redelegate",
                "attributes": [
                  {
                    "key": "source_validator",
                    "value": "terravaloper14un92kpq0pvflyjd8sxmrsswglhn8mf5hkruc2"
                  },
                  {
                    "key": "destination_validator",
                    "value": "terravaloper18t8mtyvxlxf2gjh4x5r06gjfg0nk6gqs974uxh"
                  },
                  {
                    "key": "amount",
                    "value": "11000000"
                  },
                  {
                    "key": "completion_time",
                    "value": "2021-06-17T08:24:15Z"
                  }
                ]
              },
              {
                "type": "transfer",
                "attributes": [
                  {
                    "key": "recipient",
                    "value": "terra1x46rqay4d3cssq8gxxvqz8xt6nwlz4td20k38v"
                  },
                  {
                    "key": "sender",
                    "value": "terra1jv65s3grqf6v6jl3dp4t6c9t9rk99cd8pm7utl"
                  },
                  {
                    "key": "amount",
                    "value": "555uluna"
                  },
                  {
                    "key": "recipient",
                    "value": "terra1x46rqay4d3cssq8gxxvqz8xt6nwlz4td20k38v"
                  },
                  {
                    "key": "sender",
                    "value": "terra1jv65s3grqf6v6jl3dp4t6c9t9rk99cd8pm7utl"
                  },
                  {
                    "key": "amount",
                    "value": "66uluna"
                  }
                ]
              }
            ]
          }
        ],
        "gas_wanted": "627413",
        "gas_used": "368145",
        "tx": {
          "type": "core/StdTx",
          "value": {
            "msg": [
              {
                "type": "staking/MsgBeginRedelegate",
                "value": {
                  "delegator_address": "terra1x46rqay4d3cssq8gxxvqz8xt6nwlz4td20k38v",
                  "validator_src_address": "terravaloper14un92kpq0pvflyjd8sxmrsswglhn8mf5hkruc2",
                  "validator_dst_address": "terravaloper18t8mtyvxlxf2gjh4x5r06gjfg0nk6gqs974uxh",
                  "amount": {
                    "denom": "uluna",
                    "amount": "11000000"
                  }
                }
              }
            ],
            "fee": {
              "amount": [
                {
                  "denom": "uluna",
                  "amount": "94112"
                }
              ],
              "gas": "627413"
            },
            "signatures": [
              {
                "pub_key": {
                  "type": "tendermint/PubKeySecp256k1",
                  "value": "AjszqFJDRAYbEjZMuiD+ChqzbUSGq/RRu3zr0R6iJB5b"
                },
                "signature": "CehPZE9BlZoaw1ymMse4GH+jZZoUmQ0sk/Bp5CEaUUZeQdE8nWF5n3ilNEzSOhxinB5afauatJXKon7AVKSCNQ=="
              }
            ],
            "memo": "",
            "timeout_height": "0"
          }
        },
        "timestamp": "2021-06-16T08:24:15Z"
      },
      {
        "height": "4289208",
        "txhash": "267332BF184BA1A28B6AB10C21C97F52C5653EB8E59A6CC13FE5BB421A01B791",
        "data": "0A3B0A2A2F636F736D6F732E7374616B696E672E763162657461312E4D7367426567696E526564656C6567617465120D0A0B0882A1AC860610F29CE62C",
        "raw_log": "[{\"events\":[{\"type\":\"coin_received\",\"attributes\":[{\"key\":\"receiver\",\"value\":\"terra1x46rqay4d3cssq8gxxvqz8xt6nwlz4td20k38v\"},{\"key\":\"amount\",\"value\":\"6531uluna\"},{\"key\":\"receiver\",\"value\":\"terra1x46rqay4d3cssq8gxxvqz8xt6nwlz4td20k38v\"},{\"key\":\"amount\",\"value\":\"1703uluna\"}]},{\"type\":\"coin_spent\",\"attributes\":[{\"key\":\"spender\",\"value\":\"terra1jv65s3grqf6v6jl3dp4t6c9t9rk99cd8pm7utl\"},{\"key\":\"amount\",\"value\":\"6531uluna\"},{\"key\":\"spender\",\"value\":\"terra1jv65s3grqf6v6jl3dp4t6c9t9rk99cd8pm7utl\"},{\"key\":\"amount\",\"value\":\"1703uluna\"}]},{\"type\":\"message\",\"attributes\":[{\"key\":\"action\",\"value\":\"/cosmos.staking.v1beta1.MsgBeginRedelegate\"},{\"key\":\"sender\",\"value\":\"terra1jv65s3grqf6v6jl3dp4t6c9t9rk99cd8pm7utl\"},{\"key\":\"sender\",\"value\":\"terra1jv65s3grqf6v6jl3dp4t6c9t9rk99cd8pm7utl\"},{\"key\":\"module\",\"value\":\"staking\"},{\"key\":\"sender\",\"value\":\"terra1x46rqay4d3cssq8gxxvqz8xt6nwlz4td20k38v\"}]},{\"type\":\"redelegate\",\"attributes\":[{\"key\":\"source_validator\",\"value\":\"terravaloper14un92kpq0pvflyjd8sxmrsswglhn8mf5hkruc2\"},{\"key\":\"destination_validator\",\"value\":\"terravaloper18t8mtyvxlxf2gjh4x5r06gjfg0nk6gqs974uxh\"},{\"key\":\"amount\",\"value\":\"10000000\"},{\"key\":\"completion_time\",\"value\":\"2021-06-17T09:06:10Z\"}]},{\"type\":\"transfer\",\"attributes\":[{\"key\":\"recipient\",\"value\":\"terra1x46rqay4d3cssq8gxxvqz8xt6nwlz4td20k38v\"},{\"key\":\"sender\",\"value\":\"terra1jv65s3grqf6v6jl3dp4t6c9t9rk99cd8pm7utl\"},{\"key\":\"amount\",\"value\":\"6531uluna\"},{\"key\":\"recipient\",\"value\":\"terra1x46rqay4d3cssq8gxxvqz8xt6nwlz4td20k38v\"},{\"key\":\"sender\",\"value\":\"terra1jv65s3grqf6v6jl3dp4t6c9t9rk99cd8pm7utl\"},{\"key\":\"amount\",\"value\":\"1703uluna\"}]}]}]",
        "logs": [
          {
            "events": [
              {
                "type": "coin_received",
                "attributes": [
                  {
                    "key": "receiver",
                    "value": "terra1x46rqay4d3cssq8gxxvqz8xt6nwlz4td20k38v"
                  },
                  {
                    "key": "amount",
                    "value": "6531uluna"
                  },
                  {
                    "key": "receiver",
                    "value": "terra1x46rqay4d3cssq8gxxvqz8xt6nwlz4td20k38v"
                  },
                  {
                    "key": "amount",
                    "value": "1703uluna"
                  }
                ]
              },
              {
                "type": "coin_spent",
                "attributes": [
                  {
                    "key": "spender",
                    "value": "terra1jv65s3grqf6v6jl3dp4t6c9t9rk99cd8pm7utl"
                  },
                  {
                    "key": "amount",
                    "value": "6531uluna"
                  },
                  {
                    "key": "spender",
                    "value": "terra1jv65s3grqf6v6jl3dp4t6c9t9rk99cd8pm7utl"
                  },
                  {
                    "key": "amount",
                    "value": "1703uluna"
                  }
                ]
              },
              {
                "type": "message",
                "attributes": [
                  {
                    "key": "action",
                    "value": "/cosmos.staking.v1beta1.MsgBeginRedelegate"
                  },
                  {
                    "key": "sender",
                    "value": "terra1jv65s3grqf6v6jl3dp4t6c9t9rk99cd8pm7utl"
                  },
                  {
                    "key": "sender",
                    "value": "terra1jv65s3grqf6v6jl3dp4t6c9t9rk99cd8pm7utl"
                  },
                  {
                    "key": "module",
                    "value": "staking"
                  },
                  {
                    "key": "sender",
                    "value": "terra1x46rqay4d3cssq8gxxvqz8xt6nwlz4td20k38v"
                  }
                ]
              },
              {
                "type": "redelegate",
                "attributes": [
                  {
                    "key": "source_validator",
                    "value": "terravaloper14un92kpq0pvflyjd8sxmrsswglhn8mf5hkruc2"
                  },
                  {
                    "key": "destination_validator",
                    "value": "terravaloper18t8mtyvxlxf2gjh4x5r06gjfg0nk6gqs974uxh"
                  },
                  {
                    "key": "amount",
                    "value": "10000000"
                  },
                  {
                    "key": "completion_time",
                    "value": "2021-06-17T09:06:10Z"
                  }
                ]
              },
              {
                "type": "transfer",
                "attributes": [
                  {
                    "key": "recipient",
                    "value": "terra1x46rqay4d3cssq8gxxvqz8xt6nwlz4td20k38v"
                  },
                  {
                    "key": "sender",
                    "value": "terra1jv65s3grqf6v6jl3dp4t6c9t9rk99cd8pm7utl"
                  },
                  {
                    "key": "amount",
                    "value": "6531uluna"
                  },
                  {
                    "key": "recipient",
                    "value": "terra1x46rqay4d3cssq8gxxvqz8xt6nwlz4td20k38v"
                  },
                  {
                    "key": "sender",
                    "value": "terra1jv65s3grqf6v6jl3dp4t6c9t9rk99cd8pm7utl"
                  },
                  {
                    "key": "amount",
                    "value": "1703uluna"
                  }
                ]
              }
            ]
          }
        ],
        "gas_wanted": "631033",
        "gas_used": "370182",
        "tx": {
          "type": "core/StdTx",
          "value": {
            "msg": [
              {
                "type": "staking/MsgBeginRedelegate",
                "value": {
                  "delegator_address": "terra1x46rqay4d3cssq8gxxvqz8xt6nwlz4td20k38v",
                  "validator_src_address": "terravaloper14un92kpq0pvflyjd8sxmrsswglhn8mf5hkruc2",
                  "validator_dst_address": "terravaloper18t8mtyvxlxf2gjh4x5r06gjfg0nk6gqs974uxh",
                  "amount": {
                    "denom": "uluna",
                    "amount": "10000000"
                  }
                }
              }
            ],
            "fee": {
              "amount": [
                {
                  "denom": "uluna",
                  "amount": "94655"
                }
              ],
              "gas": "631033"
            },
            "signatures": [
              {
                "pub_key": {
                  "type": "tendermint/PubKeySecp256k1",
                  "value": "AjszqFJDRAYbEjZMuiD+ChqzbUSGq/RRu3zr0R6iJB5b"
                },
                "signature": "baqKHVtrL7x/w1a8LmnDIUogaBSod7ixMJjhxETImBUgot8SfeiikbHoorBsQd44mRFViOZZuqYw1evNiKYIuA=="
              }
            ],
            "memo": "",
            "timeout_height": "0"
          }
        },
        "timestamp": "2021-06-16T09:06:10Z"
      },
      {
        "height": "4289212",
        "txhash": "D9F9FFB14BADFCE265038B9E3944B3EB141202ADBE3827F7B4CA266CCAFF9BBD",
        "data": "0A3C0A2A2F636F736D6F732E7374616B696E672E763162657461312E4D7367426567696E526564656C6567617465120E0A0C0897A1AC860610D196B1AD02",
        "raw_log": "[{\"events\":[{\"type\":\"coin_received\",\"attributes\":[{\"key\":\"receiver\",\"value\":\"terra1x46rqay4d3cssq8gxxvqz8xt6nwlz4td20k38v\"},{\"key\":\"amount\",\"value\":\"49uluna\"}]},{\"type\":\"coin_spent\",\"attributes\":[{\"key\":\"spender\",\"value\":\"terra1jv65s3grqf6v6jl3dp4t6c9t9rk99cd8pm7utl\"},{\"key\":\"amount\",\"value\":\"49uluna\"}]},{\"type\":\"message\",\"attributes\":[{\"key\":\"action\",\"value\":\"/cosmos.staking.v1beta1.MsgBeginRedelegate\"},{\"key\":\"sender\",\"value\":\"terra1jv65s3grqf6v6jl3dp4t6c9t9rk99cd8pm7utl\"},{\"key\":\"module\",\"value\":\"staking\"},{\"key\":\"sender\",\"value\":\"terra1x46rqay4d3cssq8gxxvqz8xt6nwlz4td20k38v\"}]},{\"type\":\"redelegate\",\"attributes\":[{\"key\":\"source_validator\",\"value\":\"terravaloper14un92kpq0pvflyjd8sxmrsswglhn8mf5hkruc2\"},{\"key\":\"destination_validator\",\"value\":\"terravaloper1krj7amhhagjnyg2tkkuh6l0550y733jnjnnlzy\"},{\"key\":\"amount\",\"value\":\"5000000\"},{\"key\":\"completion_time\",\"value\":\"2021-06-17T09:06:31Z\"}]},{\"type\":\"transfer\",\"attributes\":[{\"key\":\"recipient\",\"value\":\"terra1x46rqay4d3cssq8gxxvqz8xt6nwlz4td20k38v\"},{\"key\":\"sender\",\"value\":\"terra1jv65s3grqf6v6jl3dp4t6c9t9rk99cd8pm7utl\"},{\"key\":\"amount\",\"value\":\"49uluna\"}]}]}]",
        "logs": [
          {
            "events": [
              {
                "type": "coin_received",
                "attributes": [
                  {
                    "key": "receiver",
                    "value": "terra1x46rqay4d3cssq8gxxvqz8xt6nwlz4td20k38v"
                  },
                  {
                    "key": "amount",
                    "value": "49uluna"
                  }
                ]
              },
              {
                "type": "coin_spent",
                "attributes": [
                  {
                    "key": "spender",
                    "value": "terra1jv65s3grqf6v6jl3dp4t6c9t9rk99cd8pm7utl"
                  },
                  {
                    "key": "amount",
                    "value": "49uluna"
                  }
                ]
              },
              {
                "type": "message",
                "attributes": [
                  {
                    "key": "action",
                    "value": "/cosmos.staking.v1beta1.MsgBeginRedelegate"
                  },
                  {
                    "key": "sender",
                    "value": "terra1jv65s3grqf6v6jl3dp4t6c9t9rk99cd8pm7utl"
                  },
                  {
                    "key": "module",
                    "value": "staking"
                  },
                  {
                    "key": "sender",
                    "value": "terra1x46rqay4d3cssq8gxxvqz8xt6nwlz4td20k38v"
                  }
                ]
              },
              {
                "type": "redelegate",
                "attributes": [
                  {
                    "key": "source_validator",
                    "value": "terravaloper14un92kpq0pvflyjd8sxmrsswglhn8mf5hkruc2"
                  },
                  {
                    "key": "destination_validator",
                    "value": "terravaloper1krj7amhhagjnyg2tkkuh6l0550y733jnjnnlzy"
                  },
                  {
                    "key": "amount",
                    "value": "5000000"
                  },
                  {
                    "key": "completion_time",
                    "value": "2021-06-17T09:06:31Z"
                  }
                ]
              },
              {
                "type": "transfer",
                "attributes": [
                  {
                    "key": "recipient",
                    "value": "terra1x46rqay4d3cssq8gxxvqz8xt6nwlz4td20k38v"
                  },
                  {
                    "key": "sender",
                    "value": "terra1jv65s3grqf6v6jl3dp4t6c9t9rk99cd8pm7utl"
                  },
                  {
                    "key": "amount",
                    "value": "49uluna"
                  }
                ]
              }
            ]
          }
        ],
        "gas_wanted": "638593",
        "gas_used": "374562",
        "tx": {
          "type": "core/StdTx",
          "value": {
            "msg": [
              {
                "type": "staking/MsgBeginRedelegate",
                "value": {
                  "delegator_address": "terra1x46rqay4d3cssq8gxxvqz8xt6nwlz4td20k38v",
                  "validator_src_address": "terravaloper14un92kpq0pvflyjd8sxmrsswglhn8mf5hkruc2",
                  "validator_dst_address": "terravaloper1krj7amhhagjnyg2tkkuh6l0550y733jnjnnlzy",
                  "amount": {
                    "denom": "uluna",
                    "amount": "5000000"
                  }
                }
              }
            ],
            "fee": {
              "amount": [
                {
                  "denom": "uluna",
                  "amount": "95789"
                }
              ],
              "gas": "638593"
            },
            "signatures": [
              {
                "pub_key": {
                  "type": "tendermint/PubKeySecp256k1",
                  "value": "AjszqFJDRAYbEjZMuiD+ChqzbUSGq/RRu3zr0R6iJB5b"
                },
                "signature": "czxolPKtkQXrr6r+RnobZ/r91jyMEGVle5vo6Yw8JEQDZicBXFSo1rYh0FTp9J/Np6WXdoGE2f76jPYaJ3TeSA=="
              }
            ],
            "memo": "",
            "timeout_height": "0"
          }
        },
        "timestamp": "2021-06-16T09:06:31Z"
      }
    ]
  }