{
    "total_count": "8",
    "count": "8",
    "page_number": "1",
    "page_total": "1",
    "limit": "30",
    "txs": [
      {
        "height": "4096009",
        "txhash": "F8B388BFA0458CFA5EB65AE74D2698AA4C18FD4B54F0850E9ED822998F2B756E",
        "data": "0A2C0A2A2F636F736D6F732E7374616B696E672E763162657461312E4D736743726561746556616C696461746F72",
        "raw_log": "[{\"events\":[{\"type\":\"coin_received\",\"attributes\":[{\"key\":\"receiver\",\"value\":\"terra1tygms3xhhs3yv487phx3dw4a95jn7t7l8l07dr\"},{\"key\":\"amount\",\"value\":\"10000000uluna\"}]},{\"type\":\"coin_spent\",\"attributes\":[{\"key\":\"spender\",\"value\":\"terra1r2kcrnsq8jfu5zyeyqygrj80x6chf82ae50ed5\"},{\"key\":\"amount\",\"value\":\"10000000uluna\"}]},{\"type\":\"create_validator\",\"attributes\":[{\"key\":\"validator\",\"value\":\"terravaloper1r2kcrnsq8jfu5zyeyqygrj80x6chf82aemrya8\"},{\"key\":\"amount\",\"value\":\"10000000\"}]},{\"type\":\"message\",\"attributes\":[{\"key\":\"action\",\"value\":\"/cosmos.staking.v1beta1.MsgCreateValidator\"},{\"key\":\"module\",\"value\":\"staking\"},{\"key\":\"sender\",\"value\":\"terra1r2kcrnsq8jfu5zyeyqygrj80x6chf82ae50ed5\"}]}]}]",
        "logs": [
          {
            "events": [
              {
                "type": "coin_received",
                "attributes": [
                  {
                    "key": "receiver",
                    "value": "terra1tygms3xhhs3yv487phx3dw4a95jn7t7l8l07dr"
                  },
                  {
                    "key": "amount",
                    "value": "10000000uluna"
                  }
                ]
              },
              {
                "type": "coin_spent",
                "attributes": [
                  {
                    "key": "spender",
                    "value": "terra1r2kcrnsq8jfu5zyeyqygrj80x6chf82ae50ed5"
                  },
                  {
                    "key": "amount",
                    "value": "10000000uluna"
                  }
                ]
              },
              {
                "type": "create_validator",
                "attributes": [
                  {
                    "key": "validator",
                    "value": "terravaloper1r2kcrnsq8jfu5zyeyqygrj80x6chf82aemrya8"
                  },
                  {
                    "key": "amount",
                    "value": "10000000"
                  }
                ]
              },
              {
                "type": "message",
                "attributes": [
                  {
                    "key": "action",
                    "value": "/cosmos.staking.v1beta1.MsgCreateValidator"
                  },
                  {
                    "key": "module",
                    "value": "staking"
                  },
                  {
                    "key": "sender",
                    "value": "terra1r2kcrnsq8jfu5zyeyqygrj80x6chf82ae50ed5"
                  }
                ]
              }
            ]
          }
        ],
        "gas_wanted": "200000",
        "gas_used": "168424",
        "tx": {
          "type": "core/StdTx",
          "value": {
            "msg": [
              {
                "type": "staking/MsgCreateValidator",
                "value": {
                  "description": {
                    "moniker": "“june”"
                  },
                  "commission": {
                    "rate": "0.100000000000000000",
                    "max_rate": "0.200000000000000000",
                    "max_change_rate": "0.010000000000000000"
                  },
                  "min_self_delegation": "1",
                  "delegator_address": "terra1r2kcrnsq8jfu5zyeyqygrj80x6chf82ae50ed5",
                  "validator_address": "terravaloper1r2kcrnsq8jfu5zyeyqygrj80x6chf82aemrya8",
                  "pubkey": {
                    "type": "tendermint/PubKeyEd25519",
                    "value": "b8RizVY2WHFTHLU/8HVaJApMAw5bhvdNuJtXPVAS5LA="
                  },
                  "value": {
                    "denom": "uluna",
                    "amount": "10000000"
                  }
                }
              }
            ],
            "fee": {
              "amount": [
                {
                  "denom": "uluna",
                  "amount": "30000"
                }
              ],
              "gas": "200000"
            },
            "signatures": [],
            "memo": "",
            "timeout_height": "0"
          }
        },
        "timestamp": "2021-06-04T01:32:04Z"
      },
      {
        "height": "4097737",
        "txhash": "45652BA8A31DDB310AC2506241D8D89F528051C342C7F50694AE016AD61A5B7D",
        "data": "0A2C0A2A2F636F736D6F732E7374616B696E672E763162657461312E4D736743726561746556616C696461746F72",
        "raw_log": "[{\"events\":[{\"type\":\"coin_received\",\"attributes\":[{\"key\":\"receiver\",\"value\":\"terra1tygms3xhhs3yv487phx3dw4a95jn7t7l8l07dr\"},{\"key\":\"amount\",\"value\":\"5000000uluna\"}]},{\"type\":\"coin_spent\",\"attributes\":[{\"key\":\"spender\",\"value\":\"terra1hpnzszng3ld6cs5dv6s0tgrs2nk2xp9f0f5adz\"},{\"key\":\"amount\",\"value\":\"5000000uluna\"}]},{\"type\":\"create_validator\",\"attributes\":[{\"key\":\"validator\",\"value\":\"terravaloper1hpnzszng3ld6cs5dv6s0tgrs2nk2xp9f0xcqa3\"},{\"key\":\"amount\",\"value\":\"5000000\"}]},{\"type\":\"message\",\"attributes\":[{\"key\":\"action\",\"value\":\"/cosmos.staking.v1beta1.MsgCreateValidator\"},{\"key\":\"module\",\"value\":\"staking\"},{\"key\":\"sender\",\"value\":\"terra1hpnzszng3ld6cs5dv6s0tgrs2nk2xp9f0f5adz\"}]}]}]",
        "logs": [
          {
            "events": [
              {
                "type": "coin_received",
                "attributes": [
                  {
                    "key": "receiver",
                    "value": "terra1tygms3xhhs3yv487phx3dw4a95jn7t7l8l07dr"
                  },
                  {
                    "key": "amount",
                    "value": "5000000uluna"
                  }
                ]
              },
              {
                "type": "coin_spent",
                "attributes": [
                  {
                    "key": "spender",
                    "value": "terra1hpnzszng3ld6cs5dv6s0tgrs2nk2xp9f0f5adz"
                  },
                  {
                    "key": "amount",
                    "value": "5000000uluna"
                  }
                ]
              },
              {
                "type": "create_validator",
                "attributes": [
                  {
                    "key": "validator",
                    "value": "terravaloper1hpnzszng3ld6cs5dv6s0tgrs2nk2xp9f0xcqa3"
                  },
                  {
                    "key": "amount",
                    "value": "5000000"
                  }
                ]
              },
              {
                "type": "message",
                "attributes": [
                  {
                    "key": "action",
                    "value": "/cosmos.staking.v1beta1.MsgCreateValidator"
                  },
                  {
                    "key": "module",
                    "value": "staking"
                  },
                  {
                    "key": "sender",
                    "value": "terra1hpnzszng3ld6cs5dv6s0tgrs2nk2xp9f0f5adz"
                  }
                ]
              }
            ]
          }
        ],
        "gas_wanted": "218031",
        "gas_used": "168036",
        "tx": {
          "type": "core/StdTx",
          "value": {
            "msg": [
              {
                "type": "staking/MsgCreateValidator",
                "value": {
                  "description": {
                    "moniker": "mosaic"
                  },
                  "commission": {
                    "rate": "0.100000000000000000",
                    "max_rate": "0.200000000000000000",
                    "max_change_rate": "0.010000000000000000"
                  },
                  "min_self_delegation": "1",
                  "delegator_address": "terra1hpnzszng3ld6cs5dv6s0tgrs2nk2xp9f0f5adz",
                  "validator_address": "terravaloper1hpnzszng3ld6cs5dv6s0tgrs2nk2xp9f0xcqa3",
                  "pubkey": {
                    "type": "tendermint/PubKeyEd25519",
                    "value": "5uRYXYoFzAWmHuYLIAWPicBye9BsVYyAAro7mwRDTpA="
                  },
                  "value": {
                    "denom": "uluna",
                    "amount": "5000000"
                  }
                }
              }
            ],
            "fee": {
              "amount": [
                {
                  "denom": "uluna",
                  "amount": "327047"
                }
              ],
              "gas": "218031"
            },
            "signatures": [],
            "memo": "",
            "timeout_height": "0"
          }
        },
        "timestamp": "2021-06-04T04:08:40Z"
      },
      {
        "height": "4099882",
        "txhash": "749733A1AE37E36BDA6F05DB4391E8CABE95A72678A7D7089EA2266A43D21321",
        "data": "0A2C0A2A2F636F736D6F732E7374616B696E672E763162657461312E4D736743726561746556616C696461746F72",
        "raw_log": "[{\"events\":[{\"type\":\"coin_received\",\"attributes\":[{\"key\":\"receiver\",\"value\":\"terra1tygms3xhhs3yv487phx3dw4a95jn7t7l8l07dr\"},{\"key\":\"amount\",\"value\":\"10500000000uluna\"}]},{\"type\":\"coin_spent\",\"attributes\":[{\"key\":\"spender\",\"value\":\"terra16yf7sdu7p7zkvcrexkameykk9za7wsuu8npky0\"},{\"key\":\"amount\",\"value\":\"10500000000uluna\"}]},{\"type\":\"create_validator\",\"attributes\":[{\"key\":\"validator\",\"value\":\"terravaloper16yf7sdu7p7zkvcrexkameykk9za7wsuu8udt5u\"},{\"key\":\"amount\",\"value\":\"10500000000\"}]},{\"type\":\"message\",\"attributes\":[{\"key\":\"action\",\"value\":\"/cosmos.staking.v1beta1.MsgCreateValidator\"},{\"key\":\"module\",\"value\":\"staking\"},{\"key\":\"sender\",\"value\":\"terra16yf7sdu7p7zkvcrexkameykk9za7wsuu8npky0\"}]}]}]",
        "logs": [
          {
            "events": [
              {
                "type": "coin_received",
                "attributes": [
                  {
                    "key": "receiver",
                    "value": "terra1tygms3xhhs3yv487phx3dw4a95jn7t7l8l07dr"
                  },
                  {
                    "key": "amount",
                    "value": "10500000000uluna"
                  }
                ]
              },
              {
                "type": "coin_spent",
                "attributes": [
                  {
                    "key": "spender",
                    "value": "terra16yf7sdu7p7zkvcrexkameykk9za7wsuu8npky0"
                  },
                  {
                    "key": "amount",
                    "value": "10500000000uluna"
                  }
                ]
              },
              {
                "type": "create_validator",
                "attributes": [
                  {
                    "key": "validator",
                    "value": "terravaloper16yf7sdu7p7zkvcrexkameykk9za7wsuu8udt5u"
                  },
                  {
                    "key": "amount",
                    "value": "10500000000"
                  }
                ]
              },
              {
                "type": "message",
                "attributes": [
                  {
                    "key": "action",
                    "value": "/cosmos.staking.v1beta1.MsgCreateValidator"
                  },
                  {
                    "key": "module",
                    "value": "staking"
                  },
                  {
                    "key": "sender",
                    "value": "terra16yf7sdu7p7zkvcrexkameykk9za7wsuu8npky0"
                  }
                ]
              }
            ]
          }
        ],
        "gas_wanted": "200000",
        "gas_used": "178744",
        "tx": {
          "type": "core/StdTx",
          "value": {
            "msg": [
              {
                "type": "staking/MsgCreateValidator",
                "value": {
                  "description": {
                    "moniker": "DELIGHT-testnet",
                    "identity": "3F5BD795E6AB49AC",
                    "website": "https://delightlabs.io",
                    "details": "Support Terra and earn rewards by delegating to the DELIGHT validator."
                  },
                  "commission": {
                    "rate": "0.100000000000000000",
                    "max_rate": "0.200000000000000000",
                    "max_change_rate": "0.010000000000000000"
                  },
                  "min_self_delegation": "1",
                  "delegator_address": "terra16yf7sdu7p7zkvcrexkameykk9za7wsuu8npky0",
                  "validator_address": "terravaloper16yf7sdu7p7zkvcrexkameykk9za7wsuu8udt5u",
                  "pubkey": {
                    "type": "tendermint/PubKeyEd25519",
                    "value": "1v2BCLSLYe9tQ9JXMuYURf3UIQ/uE+RUVcYfTDVM1ec="
                  },
                  "value": {
                    "denom": "uluna",
                    "amount": "10500000000"
                  }
                }
              }
            ],
            "fee": {
              "amount": [
                {
                  "denom": "uluna",
                  "amount": "30000"
                }
              ],
              "gas": "200000"
            },
            "signatures": [],
            "memo": "",
            "timeout_height": "0"
          }
        },
        "timestamp": "2021-06-04T07:23:32Z"
      },
      {
        "height": "4100866",
        "txhash": "A6E317C07916FD9BADBD23C2201998BBE5E3D97DD0F01A861983F5788FA274EA",
        "data": "0A2C0A2A2F636F736D6F732E7374616B696E672E763162657461312E4D736743726561746556616C696461746F72",
        "raw_log": "[{\"events\":[{\"type\":\"coin_received\",\"attributes\":[{\"key\":\"receiver\",\"value\":\"terra1tygms3xhhs3yv487phx3dw4a95jn7t7l8l07dr\"},{\"key\":\"amount\",\"value\":\"1000000uluna\"}]},{\"type\":\"coin_spent\",\"attributes\":[{\"key\":\"spender\",\"value\":\"terra1tdec0swznvk6r9ze7wvwqj06tt2tq2q6qd0n8s\"},{\"key\":\"amount\",\"value\":\"1000000uluna\"}]},{\"type\":\"create_validator\",\"attributes\":[{\"key\":\"validator\",\"value\":\"terravaloper1tdec0swznvk6r9ze7wvwqj06tt2tq2q6qzrwhr\"},{\"key\":\"amount\",\"value\":\"1000000\"}]},{\"type\":\"message\",\"attributes\":[{\"key\":\"action\",\"value\":\"/cosmos.staking.v1beta1.MsgCreateValidator\"},{\"key\":\"module\",\"value\":\"staking\"},{\"key\":\"sender\",\"value\":\"terra1tdec0swznvk6r9ze7wvwqj06tt2tq2q6qd0n8s\"}]}]}]",
        "logs": [
          {
            "events": [
              {
                "type": "coin_received",
                "attributes": [
                  {
                    "key": "receiver",
                    "value": "terra1tygms3xhhs3yv487phx3dw4a95jn7t7l8l07dr"
                  },
                  {
                    "key": "amount",
                    "value": "1000000uluna"
                  }
                ]
              },
              {
                "type": "coin_spent",
                "attributes": [
                  {
                    "key": "spender",
                    "value": "terra1tdec0swznvk6r9ze7wvwqj06tt2tq2q6qd0n8s"
                  },
                  {
                    "key": "amount",
                    "value": "1000000uluna"
                  }
                ]
              },
              {
                "type": "create_validator",
                "attributes": [
                  {
                    "key": "validator",
                    "value": "terravaloper1tdec0swznvk6r9ze7wvwqj06tt2tq2q6qzrwhr"
                  },
                  {
                    "key": "amount",
                    "value": "1000000"
                  }
                ]
              },
              {
                "type": "message",
                "attributes": [
                  {
                    "key": "action",
                    "value": "/cosmos.staking.v1beta1.MsgCreateValidator"
                  },
                  {
                    "key": "module",
                    "value": "staking"
                  },
                  {
                    "key": "sender",
                    "value": "terra1tdec0swznvk6r9ze7wvwqj06tt2tq2q6qd0n8s"
                  }
                ]
              }
            ]
          }
        ],
        "gas_wanted": "200000",
        "gas_used": "168356",
        "tx": {
          "type": "core/StdTx",
          "value": {
            "msg": [
              {
                "type": "staking/MsgCreateValidator",
                "value": {
                  "description": {
                    "moniker": "block42"
                  },
                  "commission": {
                    "rate": "0.200000000000000000",
                    "max_rate": "1.000000000000000000",
                    "max_change_rate": "0.050000000000000000"
                  },
                  "min_self_delegation": "1",
                  "delegator_address": "terra1tdec0swznvk6r9ze7wvwqj06tt2tq2q6qd0n8s",
                  "validator_address": "terravaloper1tdec0swznvk6r9ze7wvwqj06tt2tq2q6qzrwhr",
                  "pubkey": {
                    "type": "tendermint/PubKeyEd25519",
                    "value": "NzUC5t26w1pANKnGkdV7Ni+emP9yWnLKiEA55DbEJhI="
                  },
                  "value": {
                    "denom": "uluna",
                    "amount": "1000000"
                  }
                }
              }
            ],
            "fee": {
              "amount": [
                {
                  "denom": "uluna",
                  "amount": "100000"
                }
              ],
              "gas": "200000"
            },
            "signatures": [],
            "memo": "",
            "timeout_height": "0"
          }
        },
        "timestamp": "2021-06-04T08:52:57Z"
      },
      {
        "height": "4100910",
        "txhash": "1039F62D469FBC18AC8C409285C50594AECD856D742F03C2871372EE12CE2C21",
        "data": "0A2C0A2A2F636F736D6F732E7374616B696E672E763162657461312E4D736743726561746556616C696461746F72",
        "raw_log": "[{\"events\":[{\"type\":\"coin_received\",\"attributes\":[{\"key\":\"receiver\",\"value\":\"terra1tygms3xhhs3yv487phx3dw4a95jn7t7l8l07dr\"},{\"key\":\"amount\",\"value\":\"11000000000uluna\"}]},{\"type\":\"coin_spent\",\"attributes\":[{\"key\":\"spender\",\"value\":\"terra1lpdm6chq5hn85rxgwk499qa0wh8jpxvmsp30f4\"},{\"key\":\"amount\",\"value\":\"11000000000uluna\"}]},{\"type\":\"create_validator\",\"attributes\":[{\"key\":\"validator\",\"value\":\"terravaloper1lpdm6chq5hn85rxgwk499qa0wh8jpxvmswajex\"},{\"key\":\"amount\",\"value\":\"11000000000\"}]},{\"type\":\"message\",\"attributes\":[{\"key\":\"action\",\"value\":\"/cosmos.staking.v1beta1.MsgCreateValidator\"},{\"key\":\"module\",\"value\":\"staking\"},{\"key\":\"sender\",\"value\":\"terra1lpdm6chq5hn85rxgwk499qa0wh8jpxvmsp30f4\"}]}]}]",
        "logs": [
          {
            "events": [
              {
                "type": "coin_received",
                "attributes": [
                  {
                    "key": "receiver",
                    "value": "terra1tygms3xhhs3yv487phx3dw4a95jn7t7l8l07dr"
                  },
                  {
                    "key": "amount",
                    "value": "11000000000uluna"
                  }
                ]
              },
              {
                "type": "coin_spent",
                "attributes": [
                  {
                    "key": "spender",
                    "value": "terra1lpdm6chq5hn85rxgwk499qa0wh8jpxvmsp30f4"
                  },
                  {
                    "key": "amount",
                    "value": "11000000000uluna"
                  }
                ]
              },
              {
                "type": "create_validator",
                "attributes": [
                  {
                    "key": "validator",
                    "value": "terravaloper1lpdm6chq5hn85rxgwk499qa0wh8jpxvmswajex"
                  },
                  {
                    "key": "amount",
                    "value": "11000000000"
                  }
                ]
              },
              {
                "type": "message",
                "attributes": [
                  {
                    "key": "action",
                    "value": "/cosmos.staking.v1beta1.MsgCreateValidator"
                  },
                  {
                    "key": "module",
                    "value": "staking"
                  },
                  {
                    "key": "sender",
                    "value": "terra1lpdm6chq5hn85rxgwk499qa0wh8jpxvmsp30f4"
                  }
                ]
              }
            ]
          }
        ],
        "gas_wanted": "200000",
        "gas_used": "169386",
        "tx": {
          "type": "core/StdTx",
          "value": {
            "msg": [
              {
                "type": "staking/MsgCreateValidator",
                "value": {
                  "description": {
                    "moniker": "Terran Stakers"
                  },
                  "commission": {
                    "rate": "0.100000000000000000",
                    "max_rate": "0.200000000000000000",
                    "max_change_rate": "0.010000000000000000"
                  },
                  "min_self_delegation": "10",
                  "delegator_address": "terra1lpdm6chq5hn85rxgwk499qa0wh8jpxvmsp30f4",
                  "validator_address": "terravaloper1lpdm6chq5hn85rxgwk499qa0wh8jpxvmswajex",
                  "pubkey": {
                    "type": "tendermint/PubKeyEd25519",
                    "value": "dESwJhg+yJ23OwDyOVcF5p2sQDCy9ML0PYs5gBq5l4M="
                  },
                  "value": {
                    "denom": "uluna",
                    "amount": "11000000000"
                  }
                }
              }
            ],
            "fee": {
              "amount": [
                {
                  "denom": "uluna",
                  "amount": "30000"
                }
              ],
              "gas": "200000"
            },
            "signatures": [],
            "memo": "",
            "timeout_height": "0"
          }
        },
        "timestamp": "2021-06-04T08:56:57Z"
      },
      {
        "height": "4104495",
        "txhash": "DE89BCD94A4FAF6940AB44F0F20043C863480A64B10E2267B2976EA0825DD541",
        "data": "0A2C0A2A2F636F736D6F732E7374616B696E672E763162657461312E4D736743726561746556616C696461746F72",
        "raw_log": "[{\"events\":[{\"type\":\"coin_received\",\"attributes\":[{\"key\":\"receiver\",\"value\":\"terra1tygms3xhhs3yv487phx3dw4a95jn7t7l8l07dr\"},{\"key\":\"amount\",\"value\":\"50000000uluna\"}]},{\"type\":\"coin_spent\",\"attributes\":[{\"key\":\"spender\",\"value\":\"terra1pfkp8qqha94vcahh5pll3hd8ujxu8j30xrnaty\"},{\"key\":\"amount\",\"value\":\"50000000uluna\"}]},{\"type\":\"create_validator\",\"attributes\":[{\"key\":\"validator\",\"value\":\"terravaloper1pfkp8qqha94vcahh5pll3hd8ujxu8j30xvlqmh\"},{\"key\":\"amount\",\"value\":\"50000000\"}]},{\"type\":\"message\",\"attributes\":[{\"key\":\"action\",\"value\":\"/cosmos.staking.v1beta1.MsgCreateValidator\"},{\"key\":\"module\",\"value\":\"staking\"},{\"key\":\"sender\",\"value\":\"terra1pfkp8qqha94vcahh5pll3hd8ujxu8j30xrnaty\"}]}]}]",
        "logs": [
          {
            "events": [
              {
                "type": "coin_received",
                "attributes": [
                  {
                    "key": "receiver",
                    "value": "terra1tygms3xhhs3yv487phx3dw4a95jn7t7l8l07dr"
                  },
                  {
                    "key": "amount",
                    "value": "50000000uluna"
                  }
                ]
              },
              {
                "type": "coin_spent",
                "attributes": [
                  {
                    "key": "spender",
                    "value": "terra1pfkp8qqha94vcahh5pll3hd8ujxu8j30xrnaty"
                  },
                  {
                    "key": "amount",
                    "value": "50000000uluna"
                  }
                ]
              },
              {
                "type": "create_validator",
                "attributes": [
                  {
                    "key": "validator",
                    "value": "terravaloper1pfkp8qqha94vcahh5pll3hd8ujxu8j30xvlqmh"
                  },
                  {
                    "key": "amount",
                    "value": "50000000"
                  }
                ]
              },
              {
                "type": "message",
                "attributes": [
                  {
                    "key": "action",
                    "value": "/cosmos.staking.v1beta1.MsgCreateValidator"
                  },
                  {
                    "key": "module",
                    "value": "staking"
                  },
                  {
                    "key": "sender",
                    "value": "terra1pfkp8qqha94vcahh5pll3hd8ujxu8j30xrnaty"
                  }
                ]
              }
            ]
          }
        ],
        "gas_wanted": "200000",
        "gas_used": "171192",
        "tx": {
          "type": "core/StdTx",
          "value": {
            "msg": [
              {
                "type": "staking/MsgCreateValidator",
                "value": {
                  "description": {
                    "moniker": "Figment",
                    "identity": "E5F274B870BDA01D",
                    "website": "https://figment.io"
                  },
                  "commission": {
                    "rate": "0.100000000000000000",
                    "max_rate": "0.200000000000000000",
                    "max_change_rate": "0.010000000000000000"
                  },
                  "min_self_delegation": "1",
                  "delegator_address": "terra1pfkp8qqha94vcahh5pll3hd8ujxu8j30xrnaty",
                  "validator_address": "terravaloper1pfkp8qqha94vcahh5pll3hd8ujxu8j30xvlqmh",
                  "pubkey": {
                    "type": "tendermint/PubKeyEd25519",
                    "value": "HBsts5x52qBtZHZhB+WbfHrKKkKqcOq3cXqkbW7Xq98="
                  },
                  "value": {
                    "denom": "uluna",
                    "amount": "50000000"
                  }
                }
              }
            ],
            "fee": {
              "amount": [
                {
                  "denom": "uluna",
                  "amount": "30000"
                }
              ],
              "gas": "200000"
            },
            "signatures": [],
            "memo": "",
            "timeout_height": "0"
          }
        },
        "timestamp": "2021-06-04T14:24:21Z"
      },
      {
        "height": "4106726",
        "txhash": "B160322DF87DECBBC7B31E17AF102C345FD70875559454B50BDFD219489363AB",
        "data": "0A2C0A2A2F636F736D6F732E7374616B696E672E763162657461312E4D736743726561746556616C696461746F72",
        "raw_log": "[{\"events\":[{\"type\":\"coin_received\",\"attributes\":[{\"key\":\"receiver\",\"value\":\"terra1tygms3xhhs3yv487phx3dw4a95jn7t7l8l07dr\"},{\"key\":\"amount\",\"value\":\"5000000uluna\"}]},{\"type\":\"coin_spent\",\"attributes\":[{\"key\":\"spender\",\"value\":\"terra1wqcwf7t7gcjj72vn6agn9e5ax84zmq2pvj2t42\"},{\"key\":\"amount\",\"value\":\"5000000uluna\"}]},{\"type\":\"create_validator\",\"attributes\":[{\"key\":\"validator\",\"value\":\"terravaloper1wqcwf7t7gcjj72vn6agn9e5ax84zmq2pvaxk9e\"},{\"key\":\"amount\",\"value\":\"5000000\"}]},{\"type\":\"message\",\"attributes\":[{\"key\":\"action\",\"value\":\"/cosmos.staking.v1beta1.MsgCreateValidator\"},{\"key\":\"module\",\"value\":\"staking\"},{\"key\":\"sender\",\"value\":\"terra1wqcwf7t7gcjj72vn6agn9e5ax84zmq2pvj2t42\"}]}]}]",
        "logs": [
          {
            "events": [
              {
                "type": "coin_received",
                "attributes": [
                  {
                    "key": "receiver",
                    "value": "terra1tygms3xhhs3yv487phx3dw4a95jn7t7l8l07dr"
                  },
                  {
                    "key": "amount",
                    "value": "5000000uluna"
                  }
                ]
              },
              {
                "type": "coin_spent",
                "attributes": [
                  {
                    "key": "spender",
                    "value": "terra1wqcwf7t7gcjj72vn6agn9e5ax84zmq2pvj2t42"
                  },
                  {
                    "key": "amount",
                    "value": "5000000uluna"
                  }
                ]
              },
              {
                "type": "create_validator",
                "attributes": [
                  {
                    "key": "validator",
                    "value": "terravaloper1wqcwf7t7gcjj72vn6agn9e5ax84zmq2pvaxk9e"
                  },
                  {
                    "key": "amount",
                    "value": "5000000"
                  }
                ]
              },
              {
                "type": "message",
                "attributes": [
                  {
                    "key": "action",
                    "value": "/cosmos.staking.v1beta1.MsgCreateValidator"
                  },
                  {
                    "key": "module",
                    "value": "staking"
                  },
                  {
                    "key": "sender",
                    "value": "terra1wqcwf7t7gcjj72vn6agn9e5ax84zmq2pvj2t42"
                  }
                ]
              }
            ]
          }
        ],
        "gas_wanted": "200000",
        "gas_used": "162640",
        "tx": {
          "type": "core/StdTx",
          "value": {
            "msg": [
              {
                "type": "staking/MsgCreateValidator",
                "value": {
                  "description": {
                    "moniker": "dextrac-bombay"
                  },
                  "commission": {
                    "rate": "0.100000000000000000",
                    "max_rate": "0.200000000000000000",
                    "max_change_rate": "0.010000000000000000"
                  },
                  "min_self_delegation": "1",
                  "delegator_address": "terra1wqcwf7t7gcjj72vn6agn9e5ax84zmq2pvj2t42",
                  "validator_address": "terravaloper1wqcwf7t7gcjj72vn6agn9e5ax84zmq2pvaxk9e",
                  "pubkey": {
                    "type": "tendermint/PubKeyEd25519",
                    "value": "hQOwLxCKFHVM85PDwvF2pURR9u43usSXFvoKpi/Y+3s="
                  },
                  "value": {
                    "denom": "uluna",
                    "amount": "5000000"
                  }
                }
              }
            ],
            "fee": {
              "amount": [
                {
                  "denom": "uluna",
                  "amount": "50000"
                }
              ],
              "gas": "200000"
            },
            "signatures": [],
            "memo": "",
            "timeout_height": "0"
          }
        },
        "timestamp": "2021-06-04T17:48:25Z"
      },
      {
        "height": "4158014",
        "txhash": "8AA2D9D965338564640049AA6F609A58D89990BADE450626797ABAC400ED42F2",
        "data": "0A2C0A2A2F636F736D6F732E7374616B696E672E763162657461312E4D736743726561746556616C696461746F72",
        "raw_log": "[{\"events\":[{\"type\":\"coin_received\",\"attributes\":[{\"key\":\"receiver\",\"value\":\"terra1tygms3xhhs3yv487phx3dw4a95jn7t7l8l07dr\"},{\"key\":\"amount\",\"value\":\"5000000uluna\"}]},{\"type\":\"coin_spent\",\"attributes\":[{\"key\":\"spender\",\"value\":\"terra1s3vqpwxv866ezqp9kyecgysktwfznwl65re3yt\"},{\"key\":\"amount\",\"value\":\"5000000uluna\"}]},{\"type\":\"create_validator\",\"attributes\":[{\"key\":\"validator\",\"value\":\"terravaloper1s3vqpwxv866ezqp9kyecgysktwfznwl65v4v5c\"},{\"key\":\"amount\",\"value\":\"5000000\"}]},{\"type\":\"message\",\"attributes\":[{\"key\":\"action\",\"value\":\"/cosmos.staking.v1beta1.MsgCreateValidator\"},{\"key\":\"module\",\"value\":\"staking\"},{\"key\":\"sender\",\"value\":\"terra1s3vqpwxv866ezqp9kyecgysktwfznwl65re3yt\"}]}]}]",
        "logs": [
          {
            "events": [
              {
                "type": "coin_received",
                "attributes": [
                  {
                    "key": "receiver",
                    "value": "terra1tygms3xhhs3yv487phx3dw4a95jn7t7l8l07dr"
                  },
                  {
                    "key": "amount",
                    "value": "5000000uluna"
                  }
                ]
              },
              {
                "type": "coin_spent",
                "attributes": [
                  {
                    "key": "spender",
                    "value": "terra1s3vqpwxv866ezqp9kyecgysktwfznwl65re3yt"
                  },
                  {
                    "key": "amount",
                    "value": "5000000uluna"
                  }
                ]
              },
              {
                "type": "create_validator",
                "attributes": [
                  {
                    "key": "validator",
                    "value": "terravaloper1s3vqpwxv866ezqp9kyecgysktwfznwl65v4v5c"
                  },
                  {
                    "key": "amount",
                    "value": "5000000"
                  }
                ]
              },
              {
                "type": "message",
                "attributes": [
                  {
                    "key": "action",
                    "value": "/cosmos.staking.v1beta1.MsgCreateValidator"
                  },
                  {
                    "key": "module",
                    "value": "staking"
                  },
                  {
                    "key": "sender",
                    "value": "terra1s3vqpwxv866ezqp9kyecgysktwfznwl65re3yt"
                  }
                ]
              }
            ]
          }
        ],
        "gas_wanted": "200000",
        "gas_used": "168401",
        "tx": {
          "type": "core/StdTx",
          "value": {
            "msg": [
              {
                "type": "staking/MsgCreateValidator",
                "value": {
                  "description": {
                    "moniker": "blocksteady"
                  },
                  "commission": {
                    "rate": "0.100000000000000000",
                    "max_rate": "0.200000000000000000",
                    "max_change_rate": "0.010000000000000000"
                  },
                  "min_self_delegation": "1",
                  "delegator_address": "terra1s3vqpwxv866ezqp9kyecgysktwfznwl65re3yt",
                  "validator_address": "terravaloper1s3vqpwxv866ezqp9kyecgysktwfznwl65v4v5c",
                  "pubkey": {
                    "type": "tendermint/PubKeyEd25519",
                    "value": "4Dxpi8I6BskrwM90O7lhmDdS6jgWJtwyw8vH01KARa4="
                  },
                  "value": {
                    "denom": "uluna",
                    "amount": "5000000"
                  }
                }
              }
            ],
            "fee": {
              "amount": [
                {
                  "denom": "uluna",
                  "amount": "300000"
                }
              ],
              "gas": "200000"
            },
            "signatures": [],
            "memo": "",
            "timeout_height": "0"
          }
        },
        "timestamp": "2021-06-07T23:53:29Z"
      }
    ]
  }
  